id,name,generic_name,bangla_name,brand_names,category,drug_type,dosage,contraindications,pregnancy_warning,lactation_warning,side_effects
1,ফেরাস সালফেট (আয়রন) (Ferrous sulfate),Ferrous sulfate,ফেরাস সালফেট (আয়রন),ফেফল / Fefol,Antenatal Supplements,MCH-Specific,ব্যবহার/নির্দেশনা: আয়রনের ঘাটতিজনিত রক্তশূন্যতা (Iron-deficiency anemia)। ক্যাটেগরি: Antenatal Supplements (MCH-Specific)। সেবন যোগ্যতা: OTC।,অতিসংবেদনশীলতা (Allergy) থাকলে বা চিকিৎসকের সুস্পষ্ট পরামর্শ ব্যতীত অননুমোদিত মাত্রায় ব্যবহার পরিহার করুন।,"সাধারণত নিরাপদ, নিয়মিত গর্ভকালীন সাপ্লিমেন্ট (Generally safe; standard antenatal supplement)",নিরাপদ (Safe),চিকিৎসকের পরামর্শ অনুযায়ী পরিমিত মাত্রায় সেব্য। কোনো জটিলতা বা অ্যালার্জি দেখা দিলে অবিলম্বে ওষুধ বন্ধ করে চিকিৎসকের শরণাপন্ন হতে হবে।
2,ফলিক এসিড (Folic acid),Folic acid,ফলিক এসিড,ফলিসন / Folison,Antenatal Supplements,MCH-Specific,গর্ভধারণের পূর্বে ও প্রথম তিন মাসে ৪০০ মাইক্রোগ্রাম (০.৪ মি.গ্রা.) দৈনিক; উচ্চ ঝুঁকিতে ৫ মি.গ্রা. দৈনিক।,অনির্ণীত অ্যানিমিয়া বা ফলিক অ্যাসিডের প্রতি অতিসংবেদনশীলতা ছাড়া সাধারণত কোনো কঠোর বাধা নেই।,নিরাপদ এবং সুপারিশকৃত (নিউরাল টিউব ত্রুটি প্রতিরোধ করে) (Safe and recommended (prevents neural tube defects)),"নিরাপদ, স্তন্যদানকালে সুপারিশকৃত (Safe; recommended during lactation)","বিরল ক্ষেত্রে পেট ফাঁপা, মুখে তিক্ত স্বাদ বা ঘুমের ব্যাঘাত হতে পারে।"
3,ক্যালসিয়াম কার্বনেট (Calcium carbonate),Calcium carbonate,ক্যালসিয়াম কার্বনেট,ক্যালবো-ডি / Calbo-D,Antenatal Supplements,MCH-Specific,৫০০ মি.গ্রা. থেকে ১০০০ মি.গ্রা. দিনে ১-২ বার খাবারের সাথে।,হাইপারক্যালসেমিয়া (রক্তে অতিরিক্ত ক্যালসিয়াম) এবং কিডনিতে পাথর থাকলে ব্যবহার নিষিদ্ধ।,"নিরাপদ, নিয়মিত সাপ্লিমেন্ট (Safe; standard supplementation)",নিরাপদ (Safe),"কোষ্ঠকাঠিন্য, পেট ফাঁপা এবং গ্যাসের সমস্যা।"
4,ভিটামিন ডি৩ (Cholecalciferol),Cholecalciferol,ভিটামিন ডি৩,ডি-রাইজ / D-Rise,Antenatal Supplements,MCH-Specific,ব্যবহার/নির্দেশনা: ভিটামিন ডি ঘাটতি (Vitamin D deficiency)। ক্যাটেগরি: Antenatal Supplements (MCH-Specific)। সেবন যোগ্যতা: OTC।,অতিসংবেদনশীলতা (Allergy) থাকলে বা চিকিৎসকের সুস্পষ্ট পরামর্শ ব্যতীত অননুমোদিত মাত্রায় ব্যবহার পরিহার করুন।,সুপারিশকৃত মাত্রায় নিরাপদ (Safe within recommended doses),সুপারিশকৃত মাত্রায় নিরাপদ (Safe within recommended doses),চিকিৎসকের পরামর্শ অনুযায়ী পরিমিত মাত্রায় সেব্য। কোনো জটিলতা বা অ্যালার্জি দেখা দিলে অবিলম্বে ওষুধ বন্ধ করে চিকিৎসকের শরণাপন্ন হতে হবে।
5,পাইরিডক্সিন (ভিটামিন বি৬) (Pyridoxine),Pyridoxine,পাইরিডক্সিন (ভিটামিন বি৬),ভিটাবেক্স-৬ / Vitabex-6,Antiemetics,MCH-Specific,"ব্যবহার/নির্দেশনা: বমি বমি ভাব, ভিটামিন বি৬ ঘাটতি (Nausea/vomiting, Vitamin B6 deficiency)। ক্যাটেগরি: Antiemetics (MCH-Specific)। সেবন যোগ্যতা: OTC।",অতিসংবেদনশীলতা (Allergy) থাকলে বা চিকিৎসকের সুস্পষ্ট পরামর্শ ব্যতীত অননুমোদিত মাত্রায় ব্যবহার পরিহার করুন।,নিরাপদ; গর্ভকালীন বমি বমি ভাবের প্রথম সারির চিকিৎসা (Safe; first-line for nausea/vomiting in pregnancy),"নিরাপদ, তবে খুব বেশি মাত্রায় দুধ কমাতে পারে (Safe; avoid very high doses (may reduce milk supply))",চিকিৎসকের পরামর্শ অনুযায়ী পরিমিত মাত্রায় সেব্য। কোনো জটিলতা বা অ্যালার্জি দেখা দিলে অবিলম্বে ওষুধ বন্ধ করে চিকিৎসকের শরণাপন্ন হতে হবে।
6,মেটোক্লোপ্রামাইড (Metoclopramide),Metoclopramide,মেটোক্লোপ্রামাইড,ম্যাক্সোলন / Maxolon,Antiemetics,MCH-Specific,"ব্যবহার/নির্দেশনা: বমি বমি ভাব, গ্যাস্ট্রিক সমস্যা (Nausea, vomiting, GERD)। ক্যাটেগরি: Antiemetics (MCH-Specific)। সেবন যোগ্যতা: Prescription।",অতিসংবেদনশীলতা (Allergy) থাকলে বা চিকিৎসকের সুস্পষ্ট পরামর্শ ব্যতীত অননুমোদিত মাত্রায় ব্যবহার পরিহার করুন।,সাধারণত নিরাপদ বলে বিবেচিত (Generally considered safe; used for hyperemesis),সামঞ্জস্যপূর্ণ; শিশুর ঝিমুনি লক্ষ্য রাখুন (Compatible; monitor infant for drowsiness),চিকিৎসকের পরামর্শ অনুযায়ী পরিমিত মাত্রায় সেব্য। কোনো জটিলতা বা অ্যালার্জি দেখা দিলে অবিলম্বে ওষুধ বন্ধ করে চিকিৎসকের শরণাপন্ন হতে হবে।
7,অনডানসেট্রন (Ondansetron),Ondansetron,অনডানসেট্রন,ইমেসেট / Emeset,Antiemetics,MCH-Specific,৪ মি.গ্রা. থেকে ৮ মি.গ্রা. দিনে ১-২ বার চিকিৎসকের পরামর্শ অনুযায়ী।,কনজেনিটাল লং কিউটি সিন্ড্রোম এবং অ্যাপোমোরফিনের সাথে একযোগে সেবন সম্পূর্ণ নিষিদ্ধ।,প্রথম ত্রৈমাসিকে ক্লেফট প্যালেট ঝুঁকি নিয়ে সীমিত/মিশ্র তথ্য (Limited/mixed data on cleft palate risk with 1st-trimester use),স্বল্পমেয়াদী ব্যবহার গ্রহণযোগ্য বিবেচিত (Short-term use considered acceptable),"মাথাব্যথা, তীব্র কোষ্ঠকাঠিন্য, ক্লান্তি এবং উষ্ণতার অনুভূতি (Flushing)।"
8,প্রোমেথাজিন (Promethazine),Promethazine,প্রোমেথাজিন,ফেনারগান / Phenergan,Antiemetics,MCH-Specific,"ব্যবহার/নির্দেশনা: বমি বমি ভাব, এলার্জি (Nausea, allergy, sedation)। ক্যাটেগরি: Antiemetics (MCH-Specific)। সেবন যোগ্যতা: Prescription।",অতিসংবেদনশীলতা (Allergy) থাকলে বা চিকিৎসকের সুস্পষ্ট পরামর্শ ব্যতীত অননুমোদিত মাত্রায় ব্যবহার পরিহার করুন।,দীর্ঘদিনের ব্যবহারের রেকর্ড; প্রসবকালে সতর্কতা প্রয়োজন (Long track record; caution at term (neonatal sedation)),সামঞ্জস্যপূর্ণ; দীর্ঘমেয়াদী ব্যবহারে সতর্কতা (Compatible; caution with prolonged use),চিকিৎসকের পরামর্শ অনুযায়ী পরিমিত মাত্রায় সেব্য। কোনো জটিলতা বা অ্যালার্জি দেখা দিলে অবিলম্বে ওষুধ বন্ধ করে চিকিৎসকের শরণাপন্ন হতে হবে।
9,প্যারাসিটামল (Acetaminophen),Acetaminophen,প্যারাসিটামল,নাপা / Napa,Analgesics/Antipyretics,MCH-Specific,প্রাপ্তবয়স্কদের জন্য ৫০০ মি.গ্রা. থেকে ১০০০ মি.গ্রা. প্রতি ৪-৬ ঘণ্টা অন্তর (সর্বোচ্চ ৪০০০ মি.গ্রা./দিন)। ডাক্তারের পরামর্শ অনুযায়ী সেব্য।,তীব্র লিভারের রোগ (Severe hepatic impairment) বা প্যারাসিটামলের প্রতি অতিসংবেদনশীলতা থাকলে সেবন নিষিদ্ধ।,নিরাপদ; গর্ভাবস্থায় প্রথম সারির ব্যথা-জ্বরের ওষুধ (Safe; first-line analgesic/antipyretic in pregnancy),"নিরাপদ, স্তন্যদানের সাথে সামঞ্জস্যপূর্ণ (Safe; compatible with breastfeeding)",সাধারণত পার্শ্বপ্রতিক্রিয়া নেই। তবে অতিরিক্ত মাত্রায় লিভারের ক্ষতি (Hepatotoxicity) ও ত্বকে অ্যালার্জি হতে পারে।
10,আইবুপ্রোফেন (Ibuprofen),Ibuprofen,আইবুপ্রোফেন,ফেনিল / Fenil,Analgesics/Antipyretics,MCH-Specific,২০০ মি.গ্রা. থেকে ৪০০ মি.গ্রা. দিনে ৩-৪ বার খাবারের পর। ডাক্তারের পরামর্শ ব্যতীত দীর্ঘমেয়াদে ব্যবহার নিষিদ্ধ।,"পেপটিক আলসার, সক্রিয় গ্যাস্ট্রোইনটেস্টাইনাল রক্তপাত, গুরুতর কিডনি বা হৃদরোগ থাকলে এটি সেবন নিষিদ্ধ।",তৃতীয় ত্রৈমাসিকে এড়িয়ে চলুন (Avoid in 3rd trimester (premature ductus closure)),স্বল্পমেয়াদী ব্যবহারে সাধারণত সামঞ্জস্যপূর্ণ (Generally compatible short-term),"বমি বমি ভাব, পেটে জ্বালাপোড়া, গ্যাস্ট্রিক আলসার, মাথা ঘোরা ও রক্তচাপ বৃদ্ধি।"
11,অ্যাসপিরিন (কম মাত্রা) (Acetylsalicylic acid),Acetylsalicylic acid,অ্যাসপিরিন (কম মাত্রা),ইকোস্প্রিন / Ecosprin,Analgesics/Antipyretics,MCH-Specific,ব্যবহার/নির্দেশনা: ব্যথা উপশম; কম মাত্রায় রক্ত জমাট প্রতিরোধ (Pain relief; low-dose for clot prevention)। ক্যাটেগরি: Analgesics/Antipyretics (MCH-Specific)। সেবন যোগ্যতা: OTC।,অতিসংবেদনশীলতা (Allergy) থাকলে বা চিকিৎসকের সুস্পষ্ট পরামর্শ ব্যতীত অননুমোদিত মাত্রায় ব্যবহার পরিহার করুন।,কম মাত্রায় ক্লিনিক্যালি ব্যবহৃত; উচ্চ মাত্রা এড়িয়ে চলুন (Low-dose used clinically (pre-eclampsia prevention); high-dose avoided),কম মাত্রায় সাধারণত সামঞ্জস্যপূর্ণ (Low-dose generally compatible),চিকিৎসকের পরামর্শ অনুযায়ী পরিমিত মাত্রায় সেব্য। কোনো জটিলতা বা অ্যালার্জি দেখা দিলে অবিলম্বে ওষুধ বন্ধ করে চিকিৎসকের শরণাপন্ন হতে হবে।
12,ডাইক্লোফেনাক (Diclofenac),Diclofenac,ডাইক্লোফেনাক,ডাইক্লোরান / Dicloran,Analgesics/Antipyretics,MCH-Specific,"ব্যবহার/নির্দেশনা: ব্যথা, প্রদাহ (Pain, inflammation)। ক্যাটেগরি: Analgesics/Antipyretics (MCH-Specific)। সেবন যোগ্যতা: Prescription।",অতিসংবেদনশীলতা (Allergy) থাকলে বা চিকিৎসকের সুস্পষ্ট পরামর্শ ব্যতীত অননুমোদিত মাত্রায় ব্যবহার পরিহার করুন।,"বিশেষত তৃতীয় ত্রৈমাসিকে এড়িয়ে চলুন (Avoid, especially 3rd trimester (NSAID class effect))",সীমিত তথ্য; স্বল্পমেয়াদী কম মাত্রা গ্রহণযোগ্য (Limited data; short-term low dose often compatible),চিকিৎসকের পরামর্শ অনুযায়ী পরিমিত মাত্রায় সেব্য। কোনো জটিলতা বা অ্যালার্জি দেখা দিলে অবিলম্বে ওষুধ বন্ধ করে চিকিৎসকের শরণাপন্ন হতে হবে।
13,অ্যামোক্সিসিলিন (Amoxicillin),Amoxicillin,অ্যামোক্সিসিলিন,মক্সাসিল / Moxacil,Antibiotics,MCH-Specific,২৫০ মি.গ্রা. থেকে ৫০০ মি.গ্রা. প্রতি ৮ ঘণ্টা পরপর অথবা ৮৭৫ মি.গ্রা. প্রতি ১২ ঘণ্টা পরপর।,পেনিসিলিন গোত্রের যেকোনো অ্যান্টিবায়োটিকের প্রতি অ্যালার্জি থাকলে কঠোরভাবে নিষিদ্ধ।,নিরাপদ বলে বিবেচিত (Considered safe; commonly used in pregnancy),স্তন্যদানের সাথে সামঞ্জস্যপূর্ণ (Compatible with breastfeeding),"ডায়রিয়া, বমি বমি ভাব, ত্বকে অ্যালার্জি ও ফুসকুড়ি।"
14,অ্যাজিথ্রোমাইসিন (Azithromycin),Azithromycin,অ্যাজিথ্রোমাইসিন,এজিন / Azin,Antibiotics,MCH-Specific,৫০০ মি.গ্রা. দিনে একবার ৩ থেকে ৫ দিন খাবারের ১ ঘণ্টা আগে বা ২ ঘণ্টা পরে।,ম্যাক্রোলাইড গোত্রের ওষুধের প্রতি অতিসংবেদনশীলতা এবং লিভারের গুরুতর সমস্যায় নিষিদ্ধ।,অ্যান্টিবায়োটিক প্রয়োজন হলে সাধারণত নিরাপদ (Generally considered safe when antibiotic needed),সামঞ্জস্যপূর্ণ (Compatible),"পেটে মোচড় ও ব্যথা, ডায়রিয়া, বমি বমি ভাব এবং মাথা ধরা।"
15,সেফালেক্সিন (Cephalexin),Cephalexin,সেফালেক্সিন,সেফলেক্স / Ceflex,Antibiotics,MCH-Specific,ব্যবহার/নির্দেশনা: ব্যাকটেরিয়া সংক্রমণ (Bacterial infections)। ক্যাটেগরি: Antibiotics (MCH-Specific)। সেবন যোগ্যতা: Prescription।,অতিসংবেদনশীলতা (Allergy) থাকলে বা চিকিৎসকের সুস্পষ্ট পরামর্শ ব্যতীত অননুমোদিত মাত্রায় ব্যবহার পরিহার করুন।,নিরাপদ বলে বিবেচিত (Considered safe),সামঞ্জস্যপূর্ণ (Compatible),চিকিৎসকের পরামর্শ অনুযায়ী পরিমিত মাত্রায় সেব্য। কোনো জটিলতা বা অ্যালার্জি দেখা দিলে অবিলম্বে ওষুধ বন্ধ করে চিকিৎসকের শরণাপন্ন হতে হবে।
16,নাইট্রোফুরানটয়িন (Nitrofurantoin),Nitrofurantoin,নাইট্রোফুরানটয়িন,,Antibiotics,MCH-Specific,ব্যবহার/নির্দেশনা: মূত্রনালীর সংক্রমণ (Urinary tract infection)। ক্যাটেগরি: Antibiotics (MCH-Specific)। সেবন যোগ্যতা: Prescription।,অতিসংবেদনশীলতা (Allergy) থাকলে বা চিকিৎসকের সুস্পষ্ট পরামর্শ ব্যতীত অননুমোদিত মাত্রায় ব্যবহার পরিহার করুন।,প্রসবের কাছাকাছি সময়ে সাধারণত এড়িয়ে চলা হয় (Generally avoided near term (neonatal hemolysis risk)),শিশুর জি৬পিডি ঘাটতি না থাকলে সামঞ্জস্যপূর্ণ (Compatible if infant not G6PD deficient),চিকিৎসকের পরামর্শ অনুযায়ী পরিমিত মাত্রায় সেব্য। কোনো জটিলতা বা অ্যালার্জি দেখা দিলে অবিলম্বে ওষুধ বন্ধ করে চিকিৎসকের শরণাপন্ন হতে হবে।
17,সিপ্রোফ্লক্সাসিন (Ciprofloxacin),Ciprofloxacin,সিপ্রোফ্লক্সাসিন,সিপ্রোসিন / Ciprocin,Antibiotics,MCH-Specific,২৫০ মি.গ্রা. থেকে ৫০০ মি.গ্রা. দিনে দুইবার খাবারের সাথে বা খালি পেটে।,ফ্লুরোকুইনোলোন এলার্জি এবং টেনডন সমস্যার পূর্ব ইতিহাস থাকলে এটি নিষিদ্ধ।,সাধারণত এড়িয়ে চলা হয় (Generally avoided (fluoroquinolone cartilage concerns)),সাধারণত এড়িয়ে চলা হয় (Generally avoided; alternatives preferred),"টেনডোনাইটিস, বমি ভাব, ডায়রিয়া, মাথা ঘোরা এবং আলোতে ত্বকের সংবেদনশীলতা।"
18,ডক্সিসাইক্লিন (Doxycycline),Doxycycline,ডক্সিসাইক্লিন,ডক্সিক্যাপ / Doxicap,Antibiotics,MCH-Specific,১০০ মি.গ্রা. দিনে ১-২ বার পর্যাপ্ত পানির সাথে সোজা হয়ে বসে সেব্য।,টেট্রাসাইক্লিন গোত্রের অ্যালার্জি এবং ৮ বছরের কম বয়সী শিশুদের ক্ষেত্রে নিষিদ্ধ।,এড়িয়ে চলা হয় (টেট্রাসাইক্লিন শ্রেণি) (Avoided (tetracycline class - teeth/bone effects)),স্বল্পমেয়াদী কোর্স কখনো গ্রহণযোগ্য (Short course sometimes accepted; caution),"খাদ্যনালীতে ক্ষত, বমি ভাব, ফটোসেনসিটিভিটি এবং ত্বকে তীব্র প্রদাহ।"
19,মেট্রোনিডাজল (Metronidazole),Metronidazole,মেট্রোনিডাজল,ফ্ল্যাজিল / Flagyl,Antibiotics,MCH-Specific,৪০০ মি.গ্রা. থেকে ৫০০ মি.গ্রা. দিনে ২-৩ বার ৫ থেকে ৭ দিন।,মেট্রোনিডাজলের প্রতি অ্যালার্জি এবং সেবনকালীন অবস্থায় অ্যালকোহল গ্রহণ সম্পূর্ণরূপে নিষিদ্ধ।,প্রথম ত্রৈমাসিকে সতর্কতা (Caution in 1st trimester; used later if needed),সামঞ্জস্যপূর্ণ; খাওয়ানোর পর সেবনের পরামর্শ (Compatible; some advise dosing after feeds),"মুখে ধাতব স্বাদ (Metallic taste), বমি বমি ভাব, গা গোলানো এবং প্রস্রাবের রঙ গাঢ় হওয়া।"
20,কো-ট্রাইমক্সাজল (Sulfamethoxazole/Trimethoprim),Sulfamethoxazole/Trimethoprim,কো-ট্রাইমক্সাজল,সালমেক্স / Sulmex,Antibiotics,MCH-Specific,ব্যবহার/নির্দেশনা: ব্যাকটেরিয়া সংক্রমণ (Bacterial infections (UTI))। ক্যাটেগরি: Antibiotics (MCH-Specific)। সেবন যোগ্যতা: Prescription।,অতিসংবেদনশীলতা (Allergy) থাকলে বা চিকিৎসকের সুস্পষ্ট পরামর্শ ব্যতীত অননুমোদিত মাত্রায় ব্যবহার পরিহার করুন।,প্রসবের কাছাকাছি সময়ে এড়িয়ে চলা হয় (Avoided near term (kernicterus risk)),জন্ডিসযুক্ত বা প্রিটার্ম শিশুর ক্ষেত্রে সতর্কতা (Caution with jaundiced/preterm infants),চিকিৎসকের পরামর্শ অনুযায়ী পরিমিত মাত্রায় সেব্য। কোনো জটিলতা বা অ্যালার্জি দেখা দিলে অবিলম্বে ওষুধ বন্ধ করে চিকিৎসকের শরণাপন্ন হতে হবে।
21,ল্যাবেটালল (Labetalol),Labetalol,ল্যাবেটালল,ট্রেট / Trate,Antihypertensives,MCH-Specific,ব্যবহার/নির্দেশনা: উচ্চ রক্তচাপ (High blood pressure)। ক্যাটেগরি: Antihypertensives (MCH-Specific)। সেবন যোগ্যতা: Prescription।,অতিসংবেদনশীলতা (Allergy) থাকলে বা চিকিৎসকের সুস্পষ্ট পরামর্শ ব্যতীত অননুমোদিত মাত্রায় ব্যবহার পরিহার করুন।,নিরাপদ; গর্ভকালীন উচ্চ রক্তচাপের প্রথম সারির ওষুধ (Considered safe; first-line for pregnancy hypertension),সামঞ্জস্যপূর্ণ (Compatible),চিকিৎসকের পরামর্শ অনুযায়ী পরিমিত মাত্রায় সেব্য। কোনো জটিলতা বা অ্যালার্জি দেখা দিলে অবিলম্বে ওষুধ বন্ধ করে চিকিৎসকের শরণাপন্ন হতে হবে।
22,মিথাইলডোপা (Methyldopa),Methyldopa,মিথাইলডোপা,অ্যালডোমেট / Aldomet,Antihypertensives,MCH-Specific,ব্যবহার/নির্দেশনা: উচ্চ রক্তচাপ (High blood pressure)। ক্যাটেগরি: Antihypertensives (MCH-Specific)। সেবন যোগ্যতা: Prescription।,অতিসংবেদনশীলতা (Allergy) থাকলে বা চিকিৎসকের সুস্পষ্ট পরামর্শ ব্যতীত অননুমোদিত মাত্রায় ব্যবহার পরিহার করুন।,দীর্ঘদিনের নিরাপত্তা রেকর্ড (Long safety record; first-line agent),সামঞ্জস্যপূর্ণ (Compatible),চিকিৎসকের পরামর্শ অনুযায়ী পরিমিত মাত্রায় সেব্য। কোনো জটিলতা বা অ্যালার্জি দেখা দিলে অবিলম্বে ওষুধ বন্ধ করে চিকিৎসকের শরণাপন্ন হতে হবে।
23,নিফেডিপিন (Nifedipine),Nifedipine,নিফেডিপিন,নিফেডিন / Nifedin,Antihypertensives,MCH-Specific,ব্যবহার/নির্দেশনা: উচ্চ রক্তচাপ (High blood pressure)। ক্যাটেগরি: Antihypertensives (MCH-Specific)। সেবন যোগ্যতা: Prescription।,অতিসংবেদনশীলতা (Allergy) থাকলে বা চিকিৎসকের সুস্পষ্ট পরামর্শ ব্যতীত অননুমোদিত মাত্রায় ব্যবহার পরিহার করুন।,নিরাপদ বলে বিবেচিত (Considered safe; commonly used),সামঞ্জস্যপূর্ণ (Compatible),চিকিৎসকের পরামর্শ অনুযায়ী পরিমিত মাত্রায় সেব্য। কোনো জটিলতা বা অ্যালার্জি দেখা দিলে অবিলম্বে ওষুধ বন্ধ করে চিকিৎসকের শরণাপন্ন হতে হবে।
24,এনালাপ্রিল (Enalapril),Enalapril,এনালাপ্রিল,এনাপ্রিল / Enapril,Antihypertensives,MCH-Specific,ব্যবহার/নির্দেশনা: উচ্চ রক্তচাপ (High blood pressure)। ক্যাটেগরি: Antihypertensives (MCH-Specific)। সেবন যোগ্যতা: Prescription।,অতিসংবেদনশীলতা (Allergy) থাকলে বা চিকিৎসকের সুস্পষ্ট পরামর্শ ব্যতীত অননুমোদিত মাত্রায় ব্যবহার পরিহার করুন।,নিষিদ্ধ (এসিই ইনহিবিটর) (CONTRAINDICATED (ACE inhibitor - fetal renal toxicity)),সাধারণত এড়িয়ে চলা হয় (Generally avoided; alternatives preferred),চিকিৎসকের পরামর্শ অনুযায়ী পরিমিত মাত্রায় সেব্য। কোনো জটিলতা বা অ্যালার্জি দেখা দিলে অবিলম্বে ওষুধ বন্ধ করে চিকিৎসকের শরণাপন্ন হতে হবে।
25,মেটফরমিন (Metformin),Metformin,মেটফরমিন,কমিড / Comid,Antidiabetics,MCH-Specific,৫০০ মি.গ্রা. দিনে ১-২ বার খাবারের সাথে; চিকিৎসকের পরামর্শে মাত্রা বৃদ্ধি পায়।,"গুরুতর কিডনি রোগ, ডায়াবেটিক কিটোঅ্যাসিডোসিস এবং মেটাবলিক অ্যাসিডোসিসে নিষিদ্ধ।",নিরাপদ বলে বিবেচিত (Considered safe; used for gestational diabetes),সামঞ্জস্যপূর্ণ (Compatible),"বমি ভাব, ডায়রিয়া, পেটে গ্যাস এবং মেটালিক স্বাদ।"
26,ইনসুলিন (Insulin (various)),Insulin (various),ইনসুলিন,নভোমিক্স / Novomix,Antidiabetics,MCH-Specific,রোগীর রক্তের গ্লুকোজ পরিমাপের ওপর ভিত্তি করে শুধুমাত্র চিকিৎসকের সূক্ষ্ম নির্দেশনায় নির্ধারিত মাত্রায় ইনজেকশন হিসেবে সেব্য।,হাইপোগ্লাইসেমিয়া (রক্তে শর্করার মাত্রা কমে যাওয়া) অবস্থায় গ্রহণ নিষিদ্ধ।,নিরাপদ; চিকিৎসার মানদণ্ড (Safe; standard of care),সামঞ্জস্যপূর্ণ (Compatible),"হাইপোগ্লাইসেমিয়া (রক্তে শর্করা কমে যাওয়া), ইনজেকশন দেওয়ার স্থানে লালচে ভাব বা ওজন বৃদ্ধি।"
27,সিউডোএফেড্রিন (Pseudoephedrine),Pseudoephedrine,সিউডোএফেড্রিন,রাইনিল / Rhinil,Common Cold/Flu (OTC),MCH-Specific,ব্যবহার/নির্দেশনা: নাক বন্ধ হওয়া (Nasal congestion)। ক্যাটেগরি: Common Cold/Flu (OTC) (MCH-Specific)। সেবন যোগ্যতা: Restricted।,অতিসংবেদনশীলতা (Allergy) থাকলে বা চিকিৎসকের সুস্পষ্ট পরামর্শ ব্যতীত অননুমোদিত মাত্রায় ব্যবহার পরিহার করুন।,প্রথম ত্রৈমাসিকে সতর্কতা (Caution 1st trimester (gastroschisis association)),দুধের সরবরাহ কমাতে পারে (May reduce milk supply; caution),চিকিৎসকের পরামর্শ অনুযায়ী পরিমিত মাত্রায় সেব্য। কোনো জটিলতা বা অ্যালার্জি দেখা দিলে অবিলম্বে ওষুধ বন্ধ করে চিকিৎসকের শরণাপন্ন হতে হবে।
28,ডেক্সট্রোমেথরফান (Dextromethorphan),Dextromethorphan,ডেক্সট্রোমেথরফান,টুসক্যাল / Tuscal,Common Cold/Flu (OTC),MCH-Specific,ব্যবহার/নির্দেশনা: কাশি দমনকারী (Cough suppressant)। ক্যাটেগরি: Common Cold/Flu (OTC) (MCH-Specific)। সেবন যোগ্যতা: OTC।,অতিসংবেদনশীলতা (Allergy) থাকলে বা চিকিৎসকের সুস্পষ্ট পরামর্শ ব্যতীত অননুমোদিত মাত্রায় ব্যবহার পরিহার করুন।,সীমিত তথ্য; স্বল্পমেয়াদে কম ঝুঁকিপূর্ণ (Limited data; generally low risk short-term),সাধারণত সামঞ্জস্যপূর্ণ (Generally considered compatible),চিকিৎসকের পরামর্শ অনুযায়ী পরিমিত মাত্রায় সেব্য। কোনো জটিলতা বা অ্যালার্জি দেখা দিলে অবিলম্বে ওষুধ বন্ধ করে চিকিৎসকের শরণাপন্ন হতে হবে।
29,গুয়াইফেনেসিন (Guaifenesin),Guaifenesin,গুয়াইফেনেসিন,মিউকোলাইট / Mucolyte,Common Cold/Flu (OTC),MCH-Specific,ব্যবহার/নির্দেশনা: বুকে কফ জমা (Chest congestion (expectorant))। ক্যাটেগরি: Common Cold/Flu (OTC) (MCH-Specific)। সেবন যোগ্যতা: OTC।,অতিসংবেদনশীলতা (Allergy) থাকলে বা চিকিৎসকের সুস্পষ্ট পরামর্শ ব্যতীত অননুমোদিত মাত্রায় ব্যবহার পরিহার করুন।,সীমিত তথ্য; সাধারণত কম ঝুঁকিপূর্ণ (Limited data; generally low risk),সীমিত তথ্য (Limited data),চিকিৎসকের পরামর্শ অনুযায়ী পরিমিত মাত্রায় সেব্য। কোনো জটিলতা বা অ্যালার্জি দেখা দিলে অবিলম্বে ওষুধ বন্ধ করে চিকিৎসকের শরণাপন্ন হতে হবে।
30,সেটিরিজিন (Cetirizine),Cetirizine,সেটিরিজিন,আলাট্রল / Alatrol,Antihistamines,MCH-Specific,১০ মি.গ্রা. দিনে একবার রাতে অথবা ৫ মি.গ্রা. দিনে দুইবার।,সেট্রিজিন বা হাইড্রোক্সিজিনের প্রতি অ্যালার্জি এবং তীব্র কিডনি ফেইলিওরে পরিহার্য।,দ্বিতীয় প্রজন্মের অ্যান্টিহিস্টামিন; ভালো তথ্য (Second-gen antihistamine; reassuring data),সামঞ্জস্যপূর্ণ (Compatible),"তন্দ্রাচ্ছন্নতা, মুখ শুকিয়ে যাওয়া, ক্লান্তি এবং মাথা ঘোরা।"
31,লোরাটাডিন (Loratadine),Loratadine,লোরাটাডিন,লোরাটিন / Loratin,Antihistamines,MCH-Specific,১০ মি.গ্রা. দিনে একবার যেকোনো সময় খাবারের সাথে বা ছাড়া।,লোরাটাডিনের প্রতি সংবেদনশীলতা এবং ২ বছরের কম বয়সী শিশুদের ক্ষেত্রে সাধারণত নির্দেশিত নয়।,সাধারণত ভালো তথ্য (Generally reassuring data),সামঞ্জস্যপূর্ণ (Compatible),"মাথাব্যথা, ক্লান্তি, স্নায়বিক দুর্বলতা এবং শুষ্ক মুখ।"
32,ক্লোরফেনিরামিন মালিয়েট (Chlorpheniramine maleate),Chlorpheniramine maleate,ক্লোরফেনিরামিন মালিয়েট,পিরিটন / Piriton,Antihistamines,MCH-Specific,"ব্যবহার/নির্দেশনা: এলার্জি, সর্দি (Allergy, cold symptoms)। ক্যাটেগরি: Antihistamines (MCH-Specific)। সেবন যোগ্যতা: OTC।",অতিসংবেদনশীলতা (Allergy) থাকলে বা চিকিৎসকের সুস্পষ্ট পরামর্শ ব্যতীত অননুমোদিত মাত্রায় ব্যবহার পরিহার করুন।,"দীর্ঘদিনের ব্যবহারের রেকর্ড (Long track record, generally safe)","সতর্কতা - ঘুম ঘুম ভাব সৃষ্টি করতে পারে (Caution - sedating, may affect milk supply)",চিকিৎসকের পরামর্শ অনুযায়ী পরিমিত মাত্রায় সেব্য। কোনো জটিলতা বা অ্যালার্জি দেখা দিলে অবিলম্বে ওষুধ বন্ধ করে চিকিৎসকের শরণাপন্ন হতে হবে।
33,ডাইফেনহাইড্রামিন (Diphenhydramine),Diphenhydramine,ডাইফেনহাইড্রামিন,বেনাড্রিল / Benadryl,Antihistamines,MCH-Specific,"ব্যবহার/নির্দেশনা: এলার্জি, ঘুমের সহায়ক (Allergy, sleep aid)। ক্যাটেগরি: Antihistamines (MCH-Specific)। সেবন যোগ্যতা: OTC।",অতিসংবেদনশীলতা (Allergy) থাকলে বা চিকিৎসকের সুস্পষ্ট পরামর্শ ব্যতীত অননুমোদিত মাত্রায় ব্যবহার পরিহার করুন।,স্বল্পমেয়াদে সাধারণত নিরাপদ (Generally considered safe short-term),সতর্কতা - ঘুম ঘুম ভাব সৃষ্টি করে (Caution - sedating; not preferred long-term),চিকিৎসকের পরামর্শ অনুযায়ী পরিমিত মাত্রায় সেব্য। কোনো জটিলতা বা অ্যালার্জি দেখা দিলে অবিলম্বে ওষুধ বন্ধ করে চিকিৎসকের শরণাপন্ন হতে হবে।
34,প্যারাসিটামল সিরাপ (শিশু) (Acetaminophen (Pediatric)),Acetaminophen (Pediatric),প্যারাসিটামল সিরাপ (শিশু),নাপা সিরাপ / Napa Syrup,Pediatric-Dosing Drugs,MCH-Specific,"ব্যবহার/নির্দেশনা: জ্বর, ব্যথা (শিশু) (Fever, pain (children))। ক্যাটেগরি: Pediatric-Dosing Drugs (MCH-Specific)। সেবন যোগ্যতা: OTC।",অতিসংবেদনশীলতা (Allergy) থাকলে বা চিকিৎসকের সুস্পষ্ট পরামর্শ ব্যতীত অননুমোদিত মাত্রায় ব্যবহার পরিহার করুন।,"N/A - শিশুর জন্য (N/A - pediatric dosing, not maternal)",স্তন্যদানকালে ব্যবহারের ক্ষেত্রে চিকিৎসকের পরামর্শ ও সতর্কতা মেনে চলা উচিত।,চিকিৎসকের পরামর্শ অনুযায়ী পরিমিত মাত্রায় সেব্য। কোনো জটিলতা বা অ্যালার্জি দেখা দিলে অবিলম্বে ওষুধ বন্ধ করে চিকিৎসকের শরণাপন্ন হতে হবে।
35,অ্যামোক্সিসিলিন সাসপেনশন (শিশু) (Amoxicillin (Pediatric)),Amoxicillin (Pediatric),অ্যামোক্সিসিলিন সাসপেনশন (শিশু),মক্সাসিল সিরাপ / Moxacil Syrup,Pediatric-Dosing Drugs,MCH-Specific,ব্যবহার/নির্দেশনা: ব্যাকটেরিয়া সংক্রমণ (শিশু) (Bacterial infections (children))। ক্যাটেগরি: Pediatric-Dosing Drugs (MCH-Specific)। সেবন যোগ্যতা: Prescription।,অতিসংবেদনশীলতা (Allergy) থাকলে বা চিকিৎসকের সুস্পষ্ট পরামর্শ ব্যতীত অননুমোদিত মাত্রায় ব্যবহার পরিহার করুন।,N/A - শিশুর ডোজিং প্রশ্ন (N/A - pediatric dosing question),স্তন্যদানকালে ব্যবহারের ক্ষেত্রে চিকিৎসকের পরামর্শ ও সতর্কতা মেনে চলা উচিত।,চিকিৎসকের পরামর্শ অনুযায়ী পরিমিত মাত্রায় সেব্য। কোনো জটিলতা বা অ্যালার্জি দেখা দিলে অবিলম্বে ওষুধ বন্ধ করে চিকিৎসকের শরণাপন্ন হতে হবে।
36,খাবার স্যালাইন (ওআরএস) (Oral rehydration salts),Oral rehydration salts,খাবার স্যালাইন (ওআরএস),ওরস্যালাইন / Orsaline,Pediatric-Dosing Drugs,MCH-Specific,ব্যবহার/নির্দেশনা: পানিশূন্যতা (ডায়রিয়া) (Dehydration (diarrhea))। ক্যাটেগরি: Pediatric-Dosing Drugs (MCH-Specific)। সেবন যোগ্যতা: OTC।,অতিসংবেদনশীলতা (Allergy) থাকলে বা চিকিৎসকের সুস্পষ্ট পরামর্শ ব্যতীত অননুমোদিত মাত্রায় ব্যবহার পরিহার করুন।,নিরাপদ - সিস্টেমিকভাবে শোষিত হয় না (Safe - not systemically absorbed),নিরাপদ (Safe),চিকিৎসকের পরামর্শ অনুযায়ী পরিমিত মাত্রায় সেব্য। কোনো জটিলতা বা অ্যালার্জি দেখা দিলে অবিলম্বে ওষুধ বন্ধ করে চিকিৎসকের শরণাপন্ন হতে হবে।
37,জিংক সালফেট (Zinc sulfate),Zinc sulfate,জিংক সালফেট,জিনকিড / Zinkid,Pediatric-Dosing Drugs,MCH-Specific,ব্যবহার/নির্দেশনা: ডায়রিয়া ব্যবস্থাপনা (শিশু) (Diarrhea management (children))। ক্যাটেগরি: Pediatric-Dosing Drugs (MCH-Specific)। সেবন যোগ্যতা: OTC।,অতিসংবেদনশীলতা (Allergy) থাকলে বা চিকিৎসকের সুস্পষ্ট পরামর্শ ব্যতীত অননুমোদিত মাত্রায় ব্যবহার পরিহার করুন।,শিশুর থেরাপিউটিক মাত্রায় নিরাপদ (Safe at pediatric therapeutic doses),নিরাপদ (Safe),চিকিৎসকের পরামর্শ অনুযায়ী পরিমিত মাত্রায় সেব্য। কোনো জটিলতা বা অ্যালার্জি দেখা দিলে অবিলম্বে ওষুধ বন্ধ করে চিকিৎসকের শরণাপন্ন হতে হবে।
38,ভিটামিন এ (রেটিনল) (Retinol),Retinol,ভিটামিন এ (রেটিনল),ভিটামিন এ ক্যাপসুল / Vitamin A Capsule,Pediatric-Dosing Drugs,MCH-Specific,ব্যবহার/নির্দেশনা: ভিটামিন এ ঘাটতি প্রতিরোধ (Vitamin A deficiency prevention)। ক্যাটেগরি: Pediatric-Dosing Drugs (MCH-Specific)। সেবন যোগ্যতা: OTC।,অতিসংবেদনশীলতা (Allergy) থাকলে বা চিকিৎসকের সুস্পষ্ট পরামর্শ ব্যতীত অননুমোদিত মাত্রায় ব্যবহার পরিহার করুন।,সতর্কতা - উচ্চ মাত্রা টেরাটোজেনিক (CAUTION - high-dose is teratogenic; follow WHO/BD protocols exactly),প্রসবোত্তর সুপারিশকৃত মাত্রায় নিরাপদ (Safe at recommended postpartum doses),চিকিৎসকের পরামর্শ অনুযায়ী পরিমিত মাত্রায় সেব্য। কোনো জটিলতা বা অ্যালার্জি দেখা দিলে অবিলম্বে ওষুধ বন্ধ করে চিকিৎসকের শরণাপন্ন হতে হবে।
39,ওমিপ্রাজল (Omeprazole),Omeprazole,ওমিপ্রাজল,সেক্লো / Seclo,GI/Other Common MCH Drugs,MCH-Specific,২০ মি.গ্রা. থেকে ৪০ মি.গ্রা. দিনে একবার সকালে খালি পেটে খাবারের ৩০ মিনিট আগে।,ওমিপ্রাজল বা অন্যান্য প্রোটন পাম্প ইনহিবিটরের প্রতি পরিচিত অ্যালার্জি থাকলে নিষিদ্ধ।,সাধারণত নিরাপদ (Generally considered safe),সীমিত তথ্য; সাধারণত সামঞ্জস্যপূর্ণ (Limited data; generally compatible),"মাথা ব্যথা, কোষ্ঠকাঠিন্য, পেট ফাঁপা এবং ডায়রিয়া।"
40,লোপেরামাইড (Loperamide),Loperamide,লোপেরামাইড,ইমোডিয়াম / Imodium,GI/Other Common MCH Drugs,MCH-Specific,ব্যবহার/নির্দেশনা: ডায়রিয়া (Diarrhea)। ক্যাটেগরি: GI/Other Common MCH Drugs (MCH-Specific)। সেবন যোগ্যতা: OTC।,অতিসংবেদনশীলতা (Allergy) থাকলে বা চিকিৎসকের সুস্পষ্ট পরামর্শ ব্যতীত অননুমোদিত মাত্রায় ব্যবহার পরিহার করুন।,সীমিত তথ্য; সাধারণত কম ঝুঁকিপূর্ণ (Limited data; generally low risk short-term),সাধারণত সামঞ্জস্যপূর্ণ (Generally compatible),চিকিৎসকের পরামর্শ অনুযায়ী পরিমিত মাত্রায় সেব্য। কোনো জটিলতা বা অ্যালার্জি দেখা দিলে অবিলম্বে ওষুধ বন্ধ করে চিকিৎসকের শরণাপন্ন হতে হবে।
41,ডমপেরিডন (Domperidone),Domperidone,ডমপেরিডন,মোটিগাট / Motigut,GI/Other Common MCH Drugs,MCH-Specific,১০ মি.গ্রা. দিনে ২-৩ বার খাবারের ১৫-৩০ মিনিট পূর্বে।,"পরিপাকতন্ত্রে রক্তক্ষরণ, অন্ত্রে ফুটো বা বাধা এবং হৃদযন্ত্রের কিউটি প্রোলংগেশন থাকলে নিষিদ্ধ।",গর্ভাবস্থায় নিরাপত্তা তথ্য সীমিত (Limited safety data in pregnancy),দুধ বৃদ্ধির জন্য অফ-লেবেল; হৃদস্পন্দন সতর্কতা (Off-label for milk supply; cardiac (QT) caution),"মুখে শুষ্কতা, স্তনে ব্যথা বা দুধ ক্ষরণ, পেট ফাঁপা এবং বিরল ক্ষেত্রে হৃদস্পন্দনের অনিয়ম।"
42,সাইমেথিকন (Simethicone),Simethicone,সাইমেথিকন,ডিসফ্ল্যাটিল / Disflatyl,GI/Other Common MCH Drugs,MCH-Specific,"ব্যবহার/নির্দেশনা: গ্যাস, পেট ফাঁপা (Gas, bloating)। ক্যাটেগরি: GI/Other Common MCH Drugs (MCH-Specific)। সেবন যোগ্যতা: OTC।",অতিসংবেদনশীলতা (Allergy) থাকলে বা চিকিৎসকের সুস্পষ্ট পরামর্শ ব্যতীত অননুমোদিত মাত্রায় ব্যবহার পরিহার করুন।,নিরাপদ - সিস্টেমিকভাবে শোষিত হয় না (Safe - not systemically absorbed),নিরাপদ (Safe),চিকিৎসকের পরামর্শ অনুযায়ী পরিমিত মাত্রায় সেব্য। কোনো জটিলতা বা অ্যালার্জি দেখা দিলে অবিলম্বে ওষুধ বন্ধ করে চিকিৎসকের শরণাপন্ন হতে হবে।
43,ন্যাপ্রোক্সেন (Naproxen),Naproxen,ন্যাপ্রোক্সেন,,Analgesics/NSAIDs,General/Regular Use,"ব্যবহার/নির্দেশনা: ব্যথা, প্রদাহ (Pain, inflammation)। ক্যাটেগরি: Analgesics/NSAIDs (General/Regular Use)। সেবন যোগ্যতা: Prescription।",অতিসংবেদনশীলতা (Allergy) থাকলে বা চিকিৎসকের সুস্পষ্ট পরামর্শ ব্যতীত অননুমোদিত মাত্রায় ব্যবহার পরিহার করুন।,"বিশেষত তৃতীয় ত্রৈমাসিকে এড়িয়ে চলুন (Avoid, especially 3rd trimester)",স্বল্পমেয়াদে সাধারণত সামঞ্জস্যপূর্ণ (Generally compatible short-term),চিকিৎসকের পরামর্শ অনুযায়ী পরিমিত মাত্রায় সেব্য। কোনো জটিলতা বা অ্যালার্জি দেখা দিলে অবিলম্বে ওষুধ বন্ধ করে চিকিৎসকের শরণাপন্ন হতে হবে।
44,মেফেনামিক এসিড (Mefenamic acid),Mefenamic acid,মেফেনামিক এসিড,,Analgesics/NSAIDs,General/Regular Use,"ব্যবহার/নির্দেশনা: ব্যথা, মাসিকের ব্যথা (Pain, menstrual cramps)। ক্যাটেগরি: Analgesics/NSAIDs (General/Regular Use)। সেবন যোগ্যতা: Prescription।",অতিসংবেদনশীলতা (Allergy) থাকলে বা চিকিৎসকের সুস্পষ্ট পরামর্শ ব্যতীত অননুমোদিত মাত্রায় ব্যবহার পরিহার করুন।,"বিশেষত তৃতীয় ত্রৈমাসিকে এড়িয়ে চলুন (Avoid, especially 3rd trimester)",সীমিত তথ্য; সতর্কতা (Limited data; caution),চিকিৎসকের পরামর্শ অনুযায়ী পরিমিত মাত্রায় সেব্য। কোনো জটিলতা বা অ্যালার্জি দেখা দিলে অবিলম্বে ওষুধ বন্ধ করে চিকিৎসকের শরণাপন্ন হতে হবে।
45,কিটোরোলাক (Ketorolac),Ketorolac,কিটোরোলাক,,Analgesics/NSAIDs,General/Regular Use,ব্যবহার/নির্দেশনা: তীব্র স্বল্পমেয়াদী ব্যথা (Severe short-term pain)। ক্যাটেগরি: Analgesics/NSAIDs (General/Regular Use)। সেবন যোগ্যতা: Prescription।,অতিসংবেদনশীলতা (Allergy) থাকলে বা চিকিৎসকের সুস্পষ্ট পরামর্শ ব্যতীত অননুমোদিত মাত্রায় ব্যবহার পরিহার করুন।,"বিশেষত তৃতীয় ত্রৈমাসিকে এড়ানো হয় (Avoided, especially 3rd trimester)",সীমিত তথ্য; সতর্কতা (Limited data; short-term caution),চিকিৎসকের পরামর্শ অনুযায়ী পরিমিত মাত্রায় সেব্য। কোনো জটিলতা বা অ্যালার্জি দেখা দিলে অবিলম্বে ওষুধ বন্ধ করে চিকিৎসকের শরণাপন্ন হতে হবে।
46,ইনডোমেথাসিন (Indomethacin),Indomethacin,ইনডোমেথাসিন,,Analgesics/NSAIDs,General/Regular Use,"ব্যবহার/নির্দেশনা: ব্যথা, প্রদাহ, গেঁটেবাত (Pain, inflammation, gout)। ক্যাটেগরি: Analgesics/NSAIDs (General/Regular Use)। সেবন যোগ্যতা: Prescription।",অতিসংবেদনশীলতা (Allergy) থাকলে বা চিকিৎসকের সুস্পষ্ট পরামর্শ ব্যতীত অননুমোদিত মাত্রায় ব্যবহার পরিহার করুন।,সাধারণত এড়ানো হয় (বিশেষ পর্যবেক্ষণে ব্যবহৃত) (Avoided (used only for specific tocolysis under monitoring)),স্বল্পমেয়াদে সামঞ্জস্যপূর্ণ (Compatible short-term),চিকিৎসকের পরামর্শ অনুযায়ী পরিমিত মাত্রায় সেব্য। কোনো জটিলতা বা অ্যালার্জি দেখা দিলে অবিলম্বে ওষুধ বন্ধ করে চিকিৎসকের শরণাপন্ন হতে হবে।
47,সেলেকক্সিব (Celecoxib),Celecoxib,সেলেকক্সিব,,Analgesics/NSAIDs,General/Regular Use,ব্যবহার/নির্দেশনা: আর্থ্রাইটিসের ব্যথা (Arthritis pain)। ক্যাটেগরি: Analgesics/NSAIDs (General/Regular Use)। সেবন যোগ্যতা: Prescription।,অতিসংবেদনশীলতা (Allergy) থাকলে বা চিকিৎসকের সুস্পষ্ট পরামর্শ ব্যতীত অননুমোদিত মাত্রায় ব্যবহার পরিহার করুন।,"বিশেষত তৃতীয় ত্রৈমাসিকে এড়ানো হয় (Avoided, especially 3rd trimester)",সীমিত তথ্য (Limited data),চিকিৎসকের পরামর্শ অনুযায়ী পরিমিত মাত্রায় সেব্য। কোনো জটিলতা বা অ্যালার্জি দেখা দিলে অবিলম্বে ওষুধ বন্ধ করে চিকিৎসকের শরণাপন্ন হতে হবে।
48,পিরোক্সিকাম (Piroxicam),Piroxicam,পিরোক্সিকাম,,Analgesics/NSAIDs,General/Regular Use,ব্যবহার/নির্দেশনা: আর্থ্রাইটিসের ব্যথা (Arthritis pain)। ক্যাটেগরি: Analgesics/NSAIDs (General/Regular Use)। সেবন যোগ্যতা: Prescription।,অতিসংবেদনশীলতা (Allergy) থাকলে বা চিকিৎসকের সুস্পষ্ট পরামর্শ ব্যতীত অননুমোদিত মাত্রায় ব্যবহার পরিহার করুন।,"বিশেষত তৃতীয় ত্রৈমাসিকে এড়ানো হয় (Avoided, especially 3rd trimester)",সীমিত তথ্য; সতর্কতা (Limited data; caution),চিকিৎসকের পরামর্শ অনুযায়ী পরিমিত মাত্রায় সেব্য। কোনো জটিলতা বা অ্যালার্জি দেখা দিলে অবিলম্বে ওষুধ বন্ধ করে চিকিৎসকের শরণাপন্ন হতে হবে।
49,মেলোক্সিকাম (Meloxicam),Meloxicam,মেলোক্সিকাম,,Analgesics/NSAIDs,General/Regular Use,ব্যবহার/নির্দেশনা: আর্থ্রাইটিসের ব্যথা (Arthritis pain)। ক্যাটেগরি: Analgesics/NSAIDs (General/Regular Use)। সেবন যোগ্যতা: Prescription।,অতিসংবেদনশীলতা (Allergy) থাকলে বা চিকিৎসকের সুস্পষ্ট পরামর্শ ব্যতীত অননুমোদিত মাত্রায় ব্যবহার পরিহার করুন।,"বিশেষত তৃতীয় ত্রৈমাসিকে এড়ানো হয় (Avoided, especially 3rd trimester)",সীমিত তথ্য; সতর্কতা (Limited data; caution),চিকিৎসকের পরামর্শ অনুযায়ী পরিমিত মাত্রায় সেব্য। কোনো জটিলতা বা অ্যালার্জি দেখা দিলে অবিলম্বে ওষুধ বন্ধ করে চিকিৎসকের শরণাপন্ন হতে হবে।
50,কোডিন (Codeine),Codeine,কোডিন,,Opioids/Pain Management,General/Regular Use,"ব্যবহার/নির্দেশনা: মাঝারি ব্যথা, কাশি (Moderate pain, cough)। ক্যাটেগরি: Opioids/Pain Management (General/Regular Use)। সেবন যোগ্যতা: Prescription।",অতিসংবেদনশীলতা (Allergy) থাকলে বা চিকিৎসকের সুস্পষ্ট পরামর্শ ব্যতীত অননুমোদিত মাত্রায় ব্যবহার পরিহার করুন।,সতর্কতা (নবজাতকের শ্বাসকষ্টের ঝুঁকি) (Caution (neonatal respiratory depression risk near term)),এড়িয়ে চলুন - শিশুর ঝুঁকি রয়েছে (AVOID - ultra-rapid metabolizer risk to infant),চিকিৎসকের পরামর্শ অনুযায়ী পরিমিত মাত্রায় সেব্য। কোনো জটিলতা বা অ্যালার্জি দেখা দিলে অবিলম্বে ওষুধ বন্ধ করে চিকিৎসকের শরণাপন্ন হতে হবে।
51,মরফিন (Morphine),Morphine,মরফিন,,Opioids/Pain Management,General/Regular Use,ব্যবহার/নির্দেশনা: তীব্র ব্যথা (Severe pain)। ক্যাটেগরি: Opioids/Pain Management (General/Regular Use)। সেবন যোগ্যতা: Prescription।,অতিসংবেদনশীলতা (Allergy) থাকলে বা চিকিৎসকের সুস্পষ্ট পরামর্শ ব্যতীত অননুমোদিত মাত্রায় ব্যবহার পরিহার করুন।,গুরুতর ব্যথায় সতর্কতার সাথে ব্যবহৃত (Used cautiously for severe pain; caution near delivery),সতর্কতা; শিশুর ঝিমুনি পর্যবেক্ষণ করুন (Caution; monitor infant sedation),চিকিৎসকের পরামর্শ অনুযায়ী পরিমিত মাত্রায় সেব্য। কোনো জটিলতা বা অ্যালার্জি দেখা দিলে অবিলম্বে ওষুধ বন্ধ করে চিকিৎসকের শরণাপন্ন হতে হবে।
52,পেথিডিন (Pethidine),Pethidine,পেথিডিন,,Opioids/Pain Management,General/Regular Use,"ব্যবহার/নির্দেশনা: তীব্র ব্যথা, প্রসব ব্যথা (Severe pain, labor pain)। ক্যাটেগরি: Opioids/Pain Management (General/Regular Use)। সেবন যোগ্যতা: Prescription।",অতিসংবেদনশীলতা (Allergy) থাকলে বা চিকিৎসকের সুস্পষ্ট পরামর্শ ব্যতীত অননুমোদিত মাত্রায় ব্যবহার পরিহার করুন।,প্রসবকালে ব্যবহৃত; নবজাতকের ঝুঁকি সতর্কতা (Used in labor; caution re: neonatal respiratory depression),সতর্কতা; শিশু পর্যবেক্ষণ করুন (Caution; monitor infant),চিকিৎসকের পরামর্শ অনুযায়ী পরিমিত মাত্রায় সেব্য। কোনো জটিলতা বা অ্যালার্জি দেখা দিলে অবিলম্বে ওষুধ বন্ধ করে চিকিৎসকের শরণাপন্ন হতে হবে।
53,ফেন্টানিল (Fentanyl),Fentanyl,ফেন্টানিল,,Opioids/Pain Management,General/Regular Use,"ব্যবহার/নির্দেশনা: তীব্র ব্যথা, অ্যানেস্থেসিয়া (Severe pain, anesthesia)। ক্যাটেগরি: Opioids/Pain Management (General/Regular Use)। সেবন যোগ্যতা: Prescription।",অতিসংবেদনশীলতা (Allergy) থাকলে বা চিকিৎসকের সুস্পষ্ট পরামর্শ ব্যতীত অননুমোদিত মাত্রায় ব্যবহার পরিহার করুন।,অ্যানেস্থেসিয়া/প্রসবকালে তত্ত্বাবধানে ব্যবহৃত (Used in anesthesia/labor under monitoring),সতর্কতা; শিশুর ঝিমুনি পর্যবেক্ষণ (Caution; monitor infant sedation),চিকিৎসকের পরামর্শ অনুযায়ী পরিমিত মাত্রায় সেব্য। কোনো জটিলতা বা অ্যালার্জি দেখা দিলে অবিলম্বে ওষুধ বন্ধ করে চিকিৎসকের শরণাপন্ন হতে হবে।
54,অক্সিকোডোন (Oxycodone),Oxycodone,অক্সিকোডোন,,Opioids/Pain Management,General/Regular Use,ব্যবহার/নির্দেশনা: তীব্র ব্যথা (Severe pain)। ক্যাটেগরি: Opioids/Pain Management (General/Regular Use)। সেবন যোগ্যতা: Prescription।,অতিসংবেদনশীলতা (Allergy) থাকলে বা চিকিৎসকের সুস্পষ্ট পরামর্শ ব্যতীত অননুমোদিত মাত্রায় ব্যবহার পরিহার করুন।,সতর্কতা; ওপিওয়েড শ্রেণির ঝুঁকি (Caution; opioid class risks),সতর্কতা; শিশু পর্যবেক্ষণ করুন (Caution; monitor infant),চিকিৎসকের পরামর্শ অনুযায়ী পরিমিত মাত্রায় সেব্য। কোনো জটিলতা বা অ্যালার্জি দেখা দিলে অবিলম্বে ওষুধ বন্ধ করে চিকিৎসকের শরণাপন্ন হতে হবে।
55,ট্রামাডল (Tramadol),Tramadol,ট্রামাডল,,Opioids/Pain Management,General/Regular Use,ব্যবহার/নির্দেশনা: মাঝারি-তীব্র ব্যথা (Moderate-severe pain)। ক্যাটেগরি: Opioids/Pain Management (General/Regular Use)। সেবন যোগ্যতা: Prescription।,অতিসংবেদনশীলতা (Allergy) থাকলে বা চিকিৎসকের সুস্পষ্ট পরামর্শ ব্যতীত অননুমোদিত মাত্রায় ব্যবহার পরিহার করুন।,সীমিত তথ্য; সতর্কতা (Limited data; caution),সীমিত তথ্য; সতর্কতা (Limited data; caution),চিকিৎসকের পরামর্শ অনুযায়ী পরিমিত মাত্রায় সেব্য। কোনো জটিলতা বা অ্যালার্জি দেখা দিলে অবিলম্বে ওষুধ বন্ধ করে চিকিৎসকের শরণাপন্ন হতে হবে।
56,অ্যাম্পিসিলিন (Ampicillin),Ampicillin,অ্যাম্পিসিলিন,,Antibiotics (Extended),General/Regular Use,ব্যবহার/নির্দেশনা: ব্যাকটেরিয়া সংক্রমণ (Bacterial infections)। ক্যাটেগরি: Antibiotics (Extended) (General/Regular Use)। সেবন যোগ্যতা: Prescription।,অতিসংবেদনশীলতা (Allergy) থাকলে বা চিকিৎসকের সুস্পষ্ট পরামর্শ ব্যতীত অননুমোদিত মাত্রায় ব্যবহার পরিহার করুন।,নিরাপদ বলে বিবেচিত (Considered safe),সামঞ্জস্যপূর্ণ (Compatible),চিকিৎসকের পরামর্শ অনুযায়ী পরিমিত মাত্রায় সেব্য। কোনো জটিলতা বা অ্যালার্জি দেখা দিলে অবিলম্বে ওষুধ বন্ধ করে চিকিৎসকের শরণাপন্ন হতে হবে।
57,অ্যামোক্সিসিলিন-ক্লাভুলানেট (Amoxicillin-clavulanate),Amoxicillin-clavulanate,অ্যামোক্সিসিলিন-ক্লাভুলানেট,,Antibiotics (Extended),General/Regular Use,ব্যবহার/নির্দেশনা: ব্যাকটেরিয়া সংক্রমণ (প্রতিরোধী) (Bacterial infections (resistant))। ক্যাটেগরি: Antibiotics (Extended) (General/Regular Use)। সেবন যোগ্যতা: Prescription।,অতিসংবেদনশীলতা (Allergy) থাকলে বা চিকিৎসকের সুস্পষ্ট পরামর্শ ব্যতীত অননুমোদিত মাত্রায় ব্যবহার পরিহার করুন।,নিরাপদ বলে বিবেচিত (Considered safe),সামঞ্জস্যপূর্ণ (Compatible),চিকিৎসকের পরামর্শ অনুযায়ী পরিমিত মাত্রায় সেব্য। কোনো জটিলতা বা অ্যালার্জি দেখা দিলে অবিলম্বে ওষুধ বন্ধ করে চিকিৎসকের শরণাপন্ন হতে হবে।
58,ফ্লুক্লোক্সাসিলিন (Flucloxacillin),Flucloxacillin,ফ্লুক্লোক্সাসিলিন,,Antibiotics (Extended),General/Regular Use,ব্যবহার/নির্দেশনা: ত্বক সংক্রমণ (Skin/soft tissue infections)। ক্যাটেগরি: Antibiotics (Extended) (General/Regular Use)। সেবন যোগ্যতা: Prescription।,অতিসংবেদনশীলতা (Allergy) থাকলে বা চিকিৎসকের সুস্পষ্ট পরামর্শ ব্যতীত অননুমোদিত মাত্রায় ব্যবহার পরিহার করুন।,নিরাপদ বলে বিবেচিত (Considered safe),সামঞ্জস্যপূর্ণ (Compatible),চিকিৎসকের পরামর্শ অনুযায়ী পরিমিত মাত্রায় সেব্য। কোনো জটিলতা বা অ্যালার্জি দেখা দিলে অবিলম্বে ওষুধ বন্ধ করে চিকিৎসকের শরণাপন্ন হতে হবে।
59,পেনিসিলিন ভি (Penicillin V),Penicillin V,পেনিসিলিন ভি,,Antibiotics (Extended),General/Regular Use,ব্যবহার/নির্দেশনা: ব্যাকটেরিয়া সংক্রমণ (Bacterial infections)। ক্যাটেগরি: Antibiotics (Extended) (General/Regular Use)। সেবন যোগ্যতা: Prescription।,অতিসংবেদনশীলতা (Allergy) থাকলে বা চিকিৎসকের সুস্পষ্ট পরামর্শ ব্যতীত অননুমোদিত মাত্রায় ব্যবহার পরিহার করুন।,নিরাপদ বলে বিবেচিত (Considered safe),সামঞ্জস্যপূর্ণ (Compatible),চিকিৎসকের পরামর্শ অনুযায়ী পরিমিত মাত্রায় সেব্য। কোনো জটিলতা বা অ্যালার্জি দেখা দিলে অবিলম্বে ওষুধ বন্ধ করে চিকিৎসকের শরণাপন্ন হতে হবে।
60,পিপারাসিলিন-টাজোব্যাকটাম (Piperacillin-tazobactam),Piperacillin-tazobactam,পিপারাসিলিন-টাজোব্যাকটাম,,Antibiotics (Extended),General/Regular Use,ব্যবহার/নির্দেশনা: গুরুতর ব্যাকটেরিয়া সংক্রমণ (Severe bacterial infections)। ক্যাটেগরি: Antibiotics (Extended) (General/Regular Use)। সেবন যোগ্যতা: Prescription।,অতিসংবেদনশীলতা (Allergy) থাকলে বা চিকিৎসকের সুস্পষ্ট পরামর্শ ব্যতীত অননুমোদিত মাত্রায় ব্যবহার পরিহার করুন।,গুরুতর সংক্রমণে ব্যবহৃত; নিরাপদ বিবেচিত (Used for severe infections; considered safe),সামঞ্জস্যপূর্ণ (Compatible),চিকিৎসকের পরামর্শ অনুযায়ী পরিমিত মাত্রায় সেব্য। কোনো জটিলতা বা অ্যালার্জি দেখা দিলে অবিলম্বে ওষুধ বন্ধ করে চিকিৎসকের শরণাপন্ন হতে হবে।
61,সেফুরোক্সিম (Cefuroxime),Cefuroxime,সেফুরোক্সিম,,Antibiotics (Extended),General/Regular Use,ব্যবহার/নির্দেশনা: ব্যাকটেরিয়া সংক্রমণ (Bacterial infections)। ক্যাটেগরি: Antibiotics (Extended) (General/Regular Use)। সেবন যোগ্যতা: Prescription।,অতিসংবেদনশীলতা (Allergy) থাকলে বা চিকিৎসকের সুস্পষ্ট পরামর্শ ব্যতীত অননুমোদিত মাত্রায় ব্যবহার পরিহার করুন।,নিরাপদ বলে বিবেচিত (Considered safe),সামঞ্জস্যপূর্ণ (Compatible),চিকিৎসকের পরামর্শ অনুযায়ী পরিমিত মাত্রায় সেব্য। কোনো জটিলতা বা অ্যালার্জি দেখা দিলে অবিলম্বে ওষুধ বন্ধ করে চিকিৎসকের শরণাপন্ন হতে হবে।
62,সেফিক্সিম (Cefixime),Cefixime,সেফিক্সিম,,Antibiotics (Extended),General/Regular Use,২০০ মি.গ্রা. থেকে ৪০০ মি.গ্রা. দিনে একবার অথবা বিভক্ত মাত্রায় দিনে দুইবার।,সেফালোস্পোরিন গোত্রের অ্যান্টিবায়োটিকের প্রতি অ্যালার্জি থাকলে ব্যবহার নিষিদ্ধ।,নিরাপদ বলে বিবেচিত (Considered safe),সামঞ্জস্যপূর্ণ (Compatible),"পাতলা পায়খানা, ডিসপেপসিয়া, পেটে গ্যাস এবং মাথা ব্যথা।"
63,সেফট্রায়াক্সোন (Ceftriaxone),Ceftriaxone,সেফট্রায়াক্সোন,,Antibiotics (Extended),General/Regular Use,ব্যবহার/নির্দেশনা: গুরুতর ব্যাকটেরিয়া সংক্রমণ (Severe bacterial infections)। ক্যাটেগরি: Antibiotics (Extended) (General/Regular Use)। সেবন যোগ্যতা: Prescription।,অতিসংবেদনশীলতা (Allergy) থাকলে বা চিকিৎসকের সুস্পষ্ট পরামর্শ ব্যতীত অননুমোদিত মাত্রায় ব্যবহার পরিহার করুন।,নিরাপদ বলে বিবেচিত (Considered safe; commonly used),সামঞ্জস্যপূর্ণ (Compatible),চিকিৎসকের পরামর্শ অনুযায়ী পরিমিত মাত্রায় সেব্য। কোনো জটিলতা বা অ্যালার্জি দেখা দিলে অবিলম্বে ওষুধ বন্ধ করে চিকিৎসকের শরণাপন্ন হতে হবে।
64,সেফডিনির (Cefdinir),Cefdinir,সেফডিনির,,Antibiotics (Extended),General/Regular Use,ব্যবহার/নির্দেশনা: ব্যাকটেরিয়া সংক্রমণ (Bacterial infections)। ক্যাটেগরি: Antibiotics (Extended) (General/Regular Use)। সেবন যোগ্যতা: Prescription।,অতিসংবেদনশীলতা (Allergy) থাকলে বা চিকিৎসকের সুস্পষ্ট পরামর্শ ব্যতীত অননুমোদিত মাত্রায় ব্যবহার পরিহার করুন।,নিরাপদ বলে বিবেচিত (Considered safe),সামঞ্জস্যপূর্ণ (Compatible),চিকিৎসকের পরামর্শ অনুযায়ী পরিমিত মাত্রায় সেব্য। কোনো জটিলতা বা অ্যালার্জি দেখা দিলে অবিলম্বে ওষুধ বন্ধ করে চিকিৎসকের শরণাপন্ন হতে হবে।
65,এরিথ্রোমাইসিন (Erythromycin),Erythromycin,এরিথ্রোমাইসিন,,Antibiotics (Extended),General/Regular Use,ব্যবহার/নির্দেশনা: ব্যাকটেরিয়া সংক্রমণ (Bacterial infections)। ক্যাটেগরি: Antibiotics (Extended) (General/Regular Use)। সেবন যোগ্যতা: Prescription।,অতিসংবেদনশীলতা (Allergy) থাকলে বা চিকিৎসকের সুস্পষ্ট পরামর্শ ব্যতীত অননুমোদিত মাত্রায় ব্যবহার পরিহার করুন।,সাধারণত নিরাপদ বিবেচিত (Generally considered safe),সামঞ্জস্যপূর্ণ (Compatible),চিকিৎসকের পরামর্শ অনুযায়ী পরিমিত মাত্রায় সেব্য। কোনো জটিলতা বা অ্যালার্জি দেখা দিলে অবিলম্বে ওষুধ বন্ধ করে চিকিৎসকের শরণাপন্ন হতে হবে।
66,ক্লারিথ্রোমাইসিন (Clarithromycin),Clarithromycin,ক্লারিথ্রোমাইসিন,,Antibiotics (Extended),General/Regular Use,ব্যবহার/নির্দেশনা: ব্যাকটেরিয়া সংক্রমণ (Bacterial infections (respiratory))। ক্যাটেগরি: Antibiotics (Extended) (General/Regular Use)। সেবন যোগ্যতা: Prescription।,অতিসংবেদনশীলতা (Allergy) থাকলে বা চিকিৎসকের সুস্পষ্ট পরামর্শ ব্যতীত অননুমোদিত মাত্রায় ব্যবহার পরিহার করুন।,কিছু তথ্য উদ্বেগ রয়েছে; সতর্কতা (Some data concerns; caution),সীমিত তথ্য; সতর্কতা (Limited data; caution),চিকিৎসকের পরামর্শ অনুযায়ী পরিমিত মাত্রায় সেব্য। কোনো জটিলতা বা অ্যালার্জি দেখা দিলে অবিলম্বে ওষুধ বন্ধ করে চিকিৎসকের শরণাপন্ন হতে হবে।
67,রোক্সিথ্রোমাইসিন (Roxithromycin),Roxithromycin,রোক্সিথ্রোমাইসিন,,Antibiotics (Extended),General/Regular Use,ব্যবহার/নির্দেশনা: ব্যাকটেরিয়া সংক্রমণ (Bacterial infections)। ক্যাটেগরি: Antibiotics (Extended) (General/Regular Use)। সেবন যোগ্যতা: Prescription।,অতিসংবেদনশীলতা (Allergy) থাকলে বা চিকিৎসকের সুস্পষ্ট পরামর্শ ব্যতীত অননুমোদিত মাত্রায় ব্যবহার পরিহার করুন।,সীমিত তথ্য; সতর্কতা (Limited data; caution),সীমিত তথ্য (Limited data),চিকিৎসকের পরামর্শ অনুযায়ী পরিমিত মাত্রায় সেব্য। কোনো জটিলতা বা অ্যালার্জি দেখা দিলে অবিলম্বে ওষুধ বন্ধ করে চিকিৎসকের শরণাপন্ন হতে হবে।
68,লেভোফ্লক্সাসিন (Levofloxacin),Levofloxacin,লেভোফ্লক্সাসিন,,Antibiotics (Extended),General/Regular Use,ব্যবহার/নির্দেশনা: ব্যাকটেরিয়া সংক্রমণ (Bacterial infections)। ক্যাটেগরি: Antibiotics (Extended) (General/Regular Use)। সেবন যোগ্যতা: Prescription।,অতিসংবেদনশীলতা (Allergy) থাকলে বা চিকিৎসকের সুস্পষ্ট পরামর্শ ব্যতীত অননুমোদিত মাত্রায় ব্যবহার পরিহার করুন।,সাধারণত এড়ানো হয় (Generally avoided (fluoroquinolone class)),সাধারণত এড়ানো হয় (Generally avoided; alternatives preferred),চিকিৎসকের পরামর্শ অনুযায়ী পরিমিত মাত্রায় সেব্য। কোনো জটিলতা বা অ্যালার্জি দেখা দিলে অবিলম্বে ওষুধ বন্ধ করে চিকিৎসকের শরণাপন্ন হতে হবে।
69,অফ্লক্সাসিন (Ofloxacin),Ofloxacin,অফ্লক্সাসিন,,Antibiotics (Extended),General/Regular Use,২৫০ মি.গ্রা. থেকে ৫০০ মি.গ্রা. দিনে দুইবার খাবারের সাথে বা খালি পেটে।,ফ্লুরোকুইনোলোন এলার্জি এবং টেনডন সমস্যার পূর্ব ইতিহাস থাকলে এটি নিষিদ্ধ।,সাধারণত এড়ানো হয় (Generally avoided (fluoroquinolone class)),সাধারণত এড়ানো হয় (Generally avoided),"টেনডোনাইটিস, বমি ভাব, ডায়রিয়া, মাথা ঘোরা এবং আলোতে ত্বকের সংবেদনশীলতা।"
70,মক্সিফ্লক্সাসিন (Moxifloxacin),Moxifloxacin,মক্সিফ্লক্সাসিন,,Antibiotics (Extended),General/Regular Use,ব্যবহার/নির্দেশনা: ব্যাকটেরিয়া সংক্রমণ (Bacterial infections (respiratory))। ক্যাটেগরি: Antibiotics (Extended) (General/Regular Use)। সেবন যোগ্যতা: Prescription।,অতিসংবেদনশীলতা (Allergy) থাকলে বা চিকিৎসকের সুস্পষ্ট পরামর্শ ব্যতীত অননুমোদিত মাত্রায় ব্যবহার পরিহার করুন।,সাধারণত এড়ানো হয় (Generally avoided (fluoroquinolone class)),সাধারণত এড়ানো হয় (Generally avoided),চিকিৎসকের পরামর্শ অনুযায়ী পরিমিত মাত্রায় সেব্য। কোনো জটিলতা বা অ্যালার্জি দেখা দিলে অবিলম্বে ওষুধ বন্ধ করে চিকিৎসকের শরণাপন্ন হতে হবে।
71,টেট্রাসাইক্লিন (Tetracycline),Tetracycline,টেট্রাসাইক্লিন,,Antibiotics (Extended),General/Regular Use,"ব্যবহার/নির্দেশনা: ব্যাকটেরিয়া সংক্রমণ, ব্রণ (Bacterial infections, acne)। ক্যাটেগরি: Antibiotics (Extended) (General/Regular Use)। সেবন যোগ্যতা: Prescription।",অতিসংবেদনশীলতা (Allergy) থাকলে বা চিকিৎসকের সুস্পষ্ট পরামর্শ ব্যতীত অননুমোদিত মাত্রায় ব্যবহার পরিহার করুন।,এড়ানো হয় (দাঁত/হাড়ের প্রভাব) (Avoided (teeth/bone effects)),এড়ানো হয় (Avoided; short course sometimes accepted),চিকিৎসকের পরামর্শ অনুযায়ী পরিমিত মাত্রায় সেব্য। কোনো জটিলতা বা অ্যালার্জি দেখা দিলে অবিলম্বে ওষুধ বন্ধ করে চিকিৎসকের শরণাপন্ন হতে হবে।
72,মিনোসাইক্লিন (Minocycline),Minocycline,মিনোসাইক্লিন,,Antibiotics (Extended),General/Regular Use,"ব্যবহার/নির্দেশনা: ব্যাকটেরিয়া সংক্রমণ, ব্রণ (Bacterial infections, acne)। ক্যাটেগরি: Antibiotics (Extended) (General/Regular Use)। সেবন যোগ্যতা: Prescription।",অতিসংবেদনশীলতা (Allergy) থাকলে বা চিকিৎসকের সুস্পষ্ট পরামর্শ ব্যতীত অননুমোদিত মাত্রায় ব্যবহার পরিহার করুন।,এড়ানো হয় (Avoided (tetracycline class)),এড়ানো হয় (Avoided),চিকিৎসকের পরামর্শ অনুযায়ী পরিমিত মাত্রায় সেব্য। কোনো জটিলতা বা অ্যালার্জি দেখা দিলে অবিলম্বে ওষুধ বন্ধ করে চিকিৎসকের শরণাপন্ন হতে হবে।
73,ক্লিন্ডামাইসিন (Clindamycin),Clindamycin,ক্লিন্ডামাইসিন,,Antibiotics (Extended),General/Regular Use,"ব্যবহার/নির্দেশনা: ব্যাকটেরিয়া সংক্রমণ (Bacterial infections (dental, skin))। ক্যাটেগরি: Antibiotics (Extended) (General/Regular Use)। সেবন যোগ্যতা: Prescription।",অতিসংবেদনশীলতা (Allergy) থাকলে বা চিকিৎসকের সুস্পষ্ট পরামর্শ ব্যতীত অননুমোদিত মাত্রায় ব্যবহার পরিহার করুন।,সাধারণত নিরাপদ বিবেচিত (Generally considered safe),সামঞ্জস্যপূর্ণ (Compatible),চিকিৎসকের পরামর্শ অনুযায়ী পরিমিত মাত্রায় সেব্য। কোনো জটিলতা বা অ্যালার্জি দেখা দিলে অবিলম্বে ওষুধ বন্ধ করে চিকিৎসকের শরণাপন্ন হতে হবে।
74,ভ্যানকোমাইসিন (Vancomycin),Vancomycin,ভ্যানকোমাইসিন,,Antibiotics (Extended),General/Regular Use,ব্যবহার/নির্দেশনা: গুরুতর সংক্রমণ (Severe/resistant infections)। ক্যাটেগরি: Antibiotics (Extended) (General/Regular Use)। সেবন যোগ্যতা: Prescription।,অতিসংবেদনশীলতা (Allergy) থাকলে বা চিকিৎসকের সুস্পষ্ট পরামর্শ ব্যতীত অননুমোদিত মাত্রায় ব্যবহার পরিহার করুন।,গুরুতর সংক্রমণে ব্যবহৃত (Used for severe infections; generally considered safe),সাধারণত সামঞ্জস্যপূর্ণ (Generally compatible),চিকিৎসকের পরামর্শ অনুযায়ী পরিমিত মাত্রায় সেব্য। কোনো জটিলতা বা অ্যালার্জি দেখা দিলে অবিলম্বে ওষুধ বন্ধ করে চিকিৎসকের শরণাপন্ন হতে হবে।
75,লাইনজোলিড (Linezolid),Linezolid,লাইনজোলিড,,Antibiotics (Extended),General/Regular Use,ব্যবহার/নির্দেশনা: প্রতিরোধী ব্যাকটেরিয়া সংক্রমণ (Resistant bacterial infections)। ক্যাটেগরি: Antibiotics (Extended) (General/Regular Use)। সেবন যোগ্যতা: Prescription।,অতিসংবেদনশীলতা (Allergy) থাকলে বা চিকিৎসকের সুস্পষ্ট পরামর্শ ব্যতীত অননুমোদিত মাত্রায় ব্যবহার পরিহার করুন।,সীমিত তথ্য; সতর্কতা (Limited data; caution),সীমিত তথ্য (Limited data),চিকিৎসকের পরামর্শ অনুযায়ী পরিমিত মাত্রায় সেব্য। কোনো জটিলতা বা অ্যালার্জি দেখা দিলে অবিলম্বে ওষুধ বন্ধ করে চিকিৎসকের শরণাপন্ন হতে হবে।
76,জেন্টামাইসিন (Gentamicin),Gentamicin,জেন্টামাইসিন,,Antibiotics (Extended),General/Regular Use,ব্যবহার/নির্দেশনা: গুরুতর ব্যাকটেরিয়া সংক্রমণ (Severe bacterial infections)। ক্যাটেগরি: Antibiotics (Extended) (General/Regular Use)। সেবন যোগ্যতা: Prescription।,অতিসংবেদনশীলতা (Allergy) থাকলে বা চিকিৎসকের সুস্পষ্ট পরামর্শ ব্যতীত অননুমোদিত মাত্রায় ব্যবহার পরিহার করুন।,পর্যবেক্ষণে ব্যবহৃত (দীর্ঘমেয়াদে শ্রবণ ঝুঁকি) (Used with monitoring (ototoxicity risk with prolonged use)),সামঞ্জস্যপূর্ণ (Compatible),চিকিৎসকের পরামর্শ অনুযায়ী পরিমিত মাত্রায় সেব্য। কোনো জটিলতা বা অ্যালার্জি দেখা দিলে অবিলম্বে ওষুধ বন্ধ করে চিকিৎসকের শরণাপন্ন হতে হবে।
77,অ্যামিকাসিন (Amikacin),Amikacin,অ্যামিকাসিন,,Antibiotics (Extended),General/Regular Use,ব্যবহার/নির্দেশনা: গুরুতর ব্যাকটেরিয়া সংক্রমণ (Severe bacterial infections)। ক্যাটেগরি: Antibiotics (Extended) (General/Regular Use)। সেবন যোগ্যতা: Prescription।,অতিসংবেদনশীলতা (Allergy) থাকলে বা চিকিৎসকের সুস্পষ্ট পরামর্শ ব্যতীত অননুমোদিত মাত্রায় ব্যবহার পরিহার করুন।,পর্যবেক্ষণে ব্যবহৃত (Used with monitoring (ototoxicity risk)),সামঞ্জস্যপূর্ণ (Compatible),চিকিৎসকের পরামর্শ অনুযায়ী পরিমিত মাত্রায় সেব্য। কোনো জটিলতা বা অ্যালার্জি দেখা দিলে অবিলম্বে ওষুধ বন্ধ করে চিকিৎসকের শরণাপন্ন হতে হবে।
78,রিফাম্পিসিন (Rifampicin),Rifampicin,রিফাম্পিসিন,,Antibiotics (Extended),General/Regular Use,ব্যবহার/নির্দেশনা: যক্ষ্মা (Tuberculosis)। ক্যাটেগরি: Antibiotics (Extended) (General/Regular Use)। সেবন যোগ্যতা: Prescription।,অতিসংবেদনশীলতা (Allergy) থাকলে বা চিকিৎসকের সুস্পষ্ট পরামর্শ ব্যতীত অননুমোদিত মাত্রায় ব্যবহার পরিহার করুন।,গর্ভাবস্থায় যক্ষ্মায় ব্যবহৃত; নিরাপদ বিবেচিত (Used for TB in pregnancy; generally considered safe),সামঞ্জস্যপূর্ণ (Compatible),চিকিৎসকের পরামর্শ অনুযায়ী পরিমিত মাত্রায় সেব্য। কোনো জটিলতা বা অ্যালার্জি দেখা দিলে অবিলম্বে ওষুধ বন্ধ করে চিকিৎসকের শরণাপন্ন হতে হবে।
79,আইসোনিয়াজিড (Isoniazid),Isoniazid,আইসোনিয়াজিড,,Antibiotics (Extended),General/Regular Use,ব্যবহার/নির্দেশনা: যক্ষ্মা (Tuberculosis)। ক্যাটেগরি: Antibiotics (Extended) (General/Regular Use)। সেবন যোগ্যতা: Prescription।,অতিসংবেদনশীলতা (Allergy) থাকলে বা চিকিৎসকের সুস্পষ্ট পরামর্শ ব্যতীত অননুমোদিত মাত্রায় ব্যবহার পরিহার করুন।,যক্ষ্মায় ব্যবহৃত; পাইরিডক্সিনের সাথে দিন (Used for TB; give with pyridoxine to prevent neuropathy),সামঞ্জস্যপূর্ণ (Compatible),চিকিৎসকের পরামর্শ অনুযায়ী পরিমিত মাত্রায় সেব্য। কোনো জটিলতা বা অ্যালার্জি দেখা দিলে অবিলম্বে ওষুধ বন্ধ করে চিকিৎসকের শরণাপন্ন হতে হবে।
80,পাইরাজিনামাইড (Pyrazinamide),Pyrazinamide,পাইরাজিনামাইড,,Antibiotics (Extended),General/Regular Use,ব্যবহার/নির্দেশনা: যক্ষ্মা (Tuberculosis)। ক্যাটেগরি: Antibiotics (Extended) (General/Regular Use)। সেবন যোগ্যতা: Prescription।,অতিসংবেদনশীলতা (Allergy) থাকলে বা চিকিৎসকের সুস্পষ্ট পরামর্শ ব্যতীত অননুমোদিত মাত্রায় ব্যবহার পরিহার করুন।,ডব্লিউএইচও নিয়ম অনুযায়ী যক্ষ্মায় ব্যবহৃত (Used for TB in pregnancy per WHO regimen),সামঞ্জস্যপূর্ণ (Compatible),চিকিৎসকের পরামর্শ অনুযায়ী পরিমিত মাত্রায় সেব্য। কোনো জটিলতা বা অ্যালার্জি দেখা দিলে অবিলম্বে ওষুধ বন্ধ করে চিকিৎসকের শরণাপন্ন হতে হবে।
81,ইথামবুটল (Ethambutol),Ethambutol,ইথামবুটল,,Antibiotics (Extended),General/Regular Use,ব্যবহার/নির্দেশনা: যক্ষ্মা (Tuberculosis)। ক্যাটেগরি: Antibiotics (Extended) (General/Regular Use)। সেবন যোগ্যতা: Prescription।,অতিসংবেদনশীলতা (Allergy) থাকলে বা চিকিৎসকের সুস্পষ্ট পরামর্শ ব্যতীত অননুমোদিত মাত্রায় ব্যবহার পরিহার করুন।,গর্ভাবস্থায় যক্ষ্মায় ব্যবহৃত (Used for TB in pregnancy; considered safe),সামঞ্জস্যপূর্ণ (Compatible),চিকিৎসকের পরামর্শ অনুযায়ী পরিমিত মাত্রায় সেব্য। কোনো জটিলতা বা অ্যালার্জি দেখা দিলে অবিলম্বে ওষুধ বন্ধ করে চিকিৎসকের শরণাপন্ন হতে হবে।
82,ফ্লুকোনাজল (Fluconazole),Fluconazole,ফ্লুকোনাজল,,Antifungals,General/Regular Use,ব্যবহার/নির্দেশনা: ছত্রাক সংক্রমণ (Fungal infections)। ক্যাটেগরি: Antifungals (General/Regular Use)। সেবন যোগ্যতা: Prescription।,অতিসংবেদনশীলতা (Allergy) থাকলে বা চিকিৎসকের সুস্পষ্ট পরামর্শ ব্যতীত অননুমোদিত মাত্রায় ব্যবহার পরিহার করুন।,উচ্চ মাত্রা এড়ানো হয়; কম মাত্রায় সাধারণত গ্রহণযোগ্য (High-dose avoided (teratogenic); low-dose short course generally ok),কম মাত্রায় সামঞ্জস্যপূর্ণ (Compatible at low dose),চিকিৎসকের পরামর্শ অনুযায়ী পরিমিত মাত্রায় সেব্য। কোনো জটিলতা বা অ্যালার্জি দেখা দিলে অবিলম্বে ওষুধ বন্ধ করে চিকিৎসকের শরণাপন্ন হতে হবে।
83,ক্লোট্রিমাজল (Clotrimazole),Clotrimazole,ক্লোট্রিমাজল,,Antifungals,General/Regular Use,"ব্যবহার/নির্দেশনা: ছত্রাক সংক্রমণ (Fungal infections (skin, vaginal))। ক্যাটেগরি: Antifungals (General/Regular Use)। সেবন যোগ্যতা: OTC।",অতিসংবেদনশীলতা (Allergy) থাকলে বা চিকিৎসকের সুস্পষ্ট পরামর্শ ব্যতীত অননুমোদিত মাত্রায় ব্যবহার পরিহার করুন।,নিরাপদ (স্থানীয় ব্যবহার) (Safe (topical/vaginal)),নিরাপদ (Safe),চিকিৎসকের পরামর্শ অনুযায়ী পরিমিত মাত্রায় সেব্য। কোনো জটিলতা বা অ্যালার্জি দেখা দিলে অবিলম্বে ওষুধ বন্ধ করে চিকিৎসকের শরণাপন্ন হতে হবে।
84,নিস্ট্যাটিন (Nystatin),Nystatin,নিস্ট্যাটিন,,Antifungals,General/Regular Use,ব্যবহার/নির্দেশনা: মুখ/যোনি ছত্রাক (Oral/vaginal thrush)। ক্যাটেগরি: Antifungals (General/Regular Use)। সেবন যোগ্যতা: Prescription।,অতিসংবেদনশীলতা (Allergy) থাকলে বা চিকিৎসকের সুস্পষ্ট পরামর্শ ব্যতীত অননুমোদিত মাত্রায় ব্যবহার পরিহার করুন।,নিরাপদ (শোষিত হয় না) (Safe (not absorbed)),নিরাপদ (Safe),চিকিৎসকের পরামর্শ অনুযায়ী পরিমিত মাত্রায় সেব্য। কোনো জটিলতা বা অ্যালার্জি দেখা দিলে অবিলম্বে ওষুধ বন্ধ করে চিকিৎসকের শরণাপন্ন হতে হবে।
85,ইট্রাকোনাজল (Itraconazole),Itraconazole,ইট্রাকোনাজল,,Antifungals,General/Regular Use,ব্যবহার/নির্দেশনা: ছত্রাক সংক্রমণ (Fungal infections)। ক্যাটেগরি: Antifungals (General/Regular Use)। সেবন যোগ্যতা: Prescription।,অতিসংবেদনশীলতা (Allergy) থাকলে বা চিকিৎসকের সুস্পষ্ট পরামর্শ ব্যতীত অননুমোদিত মাত্রায় ব্যবহার পরিহার করুন।,সাধারণত এড়ানো হয় (Generally avoided),সীমিত তথ্য; সতর্কতা (Limited data; caution),চিকিৎসকের পরামর্শ অনুযায়ী পরিমিত মাত্রায় সেব্য। কোনো জটিলতা বা অ্যালার্জি দেখা দিলে অবিলম্বে ওষুধ বন্ধ করে চিকিৎসকের শরণাপন্ন হতে হবে।
86,টার্বিনাফাইন (Terbinafine),Terbinafine,টার্বিনাফাইন,,Antifungals,General/Regular Use,"ব্যবহার/নির্দেশনা: ছত্রাক সংক্রমণ (নখ, ত্বক) (Fungal infections (nail, skin))। ক্যাটেগরি: Antifungals (General/Regular Use)। সেবন যোগ্যতা: Prescription।",অতিসংবেদনশীলতা (Allergy) থাকলে বা চিকিৎসকের সুস্পষ্ট পরামর্শ ব্যতীত অননুমোদিত মাত্রায় ব্যবহার পরিহার করুন।,সীমিত তথ্য; সতর্কতা (Limited data; caution),সীমিত তথ্য; সতর্কতা (Limited data; caution),চিকিৎসকের পরামর্শ অনুযায়ী পরিমিত মাত্রায় সেব্য। কোনো জটিলতা বা অ্যালার্জি দেখা দিলে অবিলম্বে ওষুধ বন্ধ করে চিকিৎসকের শরণাপন্ন হতে হবে।
87,গ্রিসিওফালভিন (Griseofulvin),Griseofulvin,গ্রিসিওফালভিন,,Antifungals,General/Regular Use,"ব্যবহার/নির্দেশনা: ছত্রাক সংক্রমণ (Fungal infections (scalp, nail))। ক্যাটেগরি: Antifungals (General/Regular Use)। সেবন যোগ্যতা: Prescription।",অতিসংবেদনশীলতা (Allergy) থাকলে বা চিকিৎসকের সুস্পষ্ট পরামর্শ ব্যতীত অননুমোদিত মাত্রায় ব্যবহার পরিহার করুন।,এড়ানো হয় (Avoided (teratogenic in animal studies)),এড়ানো হয় (Avoided),চিকিৎসকের পরামর্শ অনুযায়ী পরিমিত মাত্রায় সেব্য। কোনো জটিলতা বা অ্যালার্জি দেখা দিলে অবিলম্বে ওষুধ বন্ধ করে চিকিৎসকের শরণাপন্ন হতে হবে।
88,কিটোকোনাজল (Ketoconazole),Ketoconazole,কিটোকোনাজল,,Antifungals,General/Regular Use,ব্যবহার/নির্দেশনা: ছত্রাক সংক্রমণ (Fungal infections)। ক্যাটেগরি: Antifungals (General/Regular Use)। সেবন যোগ্যতা: Prescription।,অতিসংবেদনশীলতা (Allergy) থাকলে বা চিকিৎসকের সুস্পষ্ট পরামর্শ ব্যতীত অননুমোদিত মাত্রায় ব্যবহার পরিহার করুন।,মুখে খাওয়ার ফর্ম সাধারণত এড়ানো হয় (Oral form generally avoided),সীমিত তথ্য; সতর্কতা (Limited data; caution),চিকিৎসকের পরামর্শ অনুযায়ী পরিমিত মাত্রায় সেব্য। কোনো জটিলতা বা অ্যালার্জি দেখা দিলে অবিলম্বে ওষুধ বন্ধ করে চিকিৎসকের শরণাপন্ন হতে হবে।
89,অ্যাসাইক্লোভির (Acyclovir),Acyclovir,অ্যাসাইক্লোভির,,Antivirals,General/Regular Use,ব্যবহার/নির্দেশনা: হার্পিস সংক্রমণ (Herpes infections)। ক্যাটেগরি: Antivirals (General/Regular Use)। সেবন যোগ্যতা: Prescription।,অতিসংবেদনশীলতা (Allergy) থাকলে বা চিকিৎসকের সুস্পষ্ট পরামর্শ ব্যতীত অননুমোদিত মাত্রায় ব্যবহার পরিহার করুন।,নিরাপদ বলে বিবেচিত (Considered safe),সামঞ্জস্যপূর্ণ (Compatible),চিকিৎসকের পরামর্শ অনুযায়ী পরিমিত মাত্রায় সেব্য। কোনো জটিলতা বা অ্যালার্জি দেখা দিলে অবিলম্বে ওষুধ বন্ধ করে চিকিৎসকের শরণাপন্ন হতে হবে।
90,ওসেলটামিভির (Oseltamivir),Oseltamivir,ওসেলটামিভির,,Antivirals,General/Regular Use,ব্যবহার/নির্দেশনা: ইনফ্লুয়েঞ্জা (Influenza)। ক্যাটেগরি: Antivirals (General/Regular Use)। সেবন যোগ্যতা: Prescription।,অতিসংবেদনশীলতা (Allergy) থাকলে বা চিকিৎসকের সুস্পষ্ট পরামর্শ ব্যতীত অননুমোদিত মাত্রায় ব্যবহার পরিহার করুন।,গর্ভাবস্থায় ফ্লুতে ব্যবহৃত; নিরাপদ বিবেচিত (Considered safe; used for flu in pregnancy),সামঞ্জস্যপূর্ণ (Compatible),চিকিৎসকের পরামর্শ অনুযায়ী পরিমিত মাত্রায় সেব্য। কোনো জটিলতা বা অ্যালার্জি দেখা দিলে অবিলম্বে ওষুধ বন্ধ করে চিকিৎসকের শরণাপন্ন হতে হবে।
91,ভ্যালাসাইক্লোভির (Valacyclovir),Valacyclovir,ভ্যালাসাইক্লোভির,,Antivirals,General/Regular Use,ব্যবহার/নির্দেশনা: হার্পিস সংক্রমণ (Herpes infections)। ক্যাটেগরি: Antivirals (General/Regular Use)। সেবন যোগ্যতা: Prescription।,অতিসংবেদনশীলতা (Allergy) থাকলে বা চিকিৎসকের সুস্পষ্ট পরামর্শ ব্যতীত অননুমোদিত মাত্রায় ব্যবহার পরিহার করুন।,নিরাপদ বলে বিবেচিত (Considered safe),সামঞ্জস্যপূর্ণ (Compatible),চিকিৎসকের পরামর্শ অনুযায়ী পরিমিত মাত্রায় সেব্য। কোনো জটিলতা বা অ্যালার্জি দেখা দিলে অবিলম্বে ওষুধ বন্ধ করে চিকিৎসকের শরণাপন্ন হতে হবে।
92,জিডোভুডিন (Zidovudine),Zidovudine,জিডোভুডিন,,Antivirals,General/Regular Use,ব্যবহার/নির্দেশনা: এইচআইভি চিকিৎসা/প্রতিরোধ (HIV treatment/prevention)। ক্যাটেগরি: Antivirals (General/Regular Use)। সেবন যোগ্যতা: Prescription।,অতিসংবেদনশীলতা (Allergy) থাকলে বা চিকিৎসকের সুস্পষ্ট পরামর্শ ব্যতীত অননুমোদিত মাত্রায় ব্যবহার পরিহার করুন।,এইচআইভি প্রতিরোধে ব্যবহৃত; সাধারণত নিরাপদ (Used in pregnancy for HIV PMTCT; generally safe),শিশু খাওয়ানোর এইচআইভি নির্দেশিকা অনুসরণ করুন (Depends on infant feeding/HIV guidelines - consult protocol),চিকিৎসকের পরামর্শ অনুযায়ী পরিমিত মাত্রায় সেব্য। কোনো জটিলতা বা অ্যালার্জি দেখা দিলে অবিলম্বে ওষুধ বন্ধ করে চিকিৎসকের শরণাপন্ন হতে হবে।
93,লামিভুডিন (Lamivudine),Lamivudine,লামিভুডিন,,Antivirals,General/Regular Use,ব্যবহার/নির্দেশনা: এইচআইভি/হেপাটাইটিস বি (HIV/Hepatitis B)। ক্যাটেগরি: Antivirals (General/Regular Use)। সেবন যোগ্যতা: Prescription।,অতিসংবেদনশীলতা (Allergy) থাকলে বা চিকিৎসকের সুস্পষ্ট পরামর্শ ব্যতীত অননুমোদিত মাত্রায় ব্যবহার পরিহার করুন।,গর্ভাবস্থায় এইচআইভি/হেপাটাইটিস বি চিকিৎসায় ব্যবহৃত (Used in pregnancy for HIV/Hepatitis B per protocol),এইচআইভি/এইচবিভি নির্দেশিকা অনুসরণ করুন (Consult HIV/HBV feeding protocol),চিকিৎসকের পরামর্শ অনুযায়ী পরিমিত মাত্রায় সেব্য। কোনো জটিলতা বা অ্যালার্জি দেখা দিলে অবিলম্বে ওষুধ বন্ধ করে চিকিৎসকের শরণাপন্ন হতে হবে।
94,টেনোফোভির (Tenofovir),Tenofovir,টেনোফোভির,,Antivirals,General/Regular Use,ব্যবহার/নির্দেশনা: এইচআইভি/হেপাটাইটিস বি (HIV/Hepatitis B)। ক্যাটেগরি: Antivirals (General/Regular Use)। সেবন যোগ্যতা: Prescription।,অতিসংবেদনশীলতা (Allergy) থাকলে বা চিকিৎসকের সুস্পষ্ট পরামর্শ ব্যতীত অননুমোদিত মাত্রায় ব্যবহার পরিহার করুন।,গর্ভাবস্থায় এইচআইভি/হেপাটাইটিস বি চিকিৎসায় ব্যবহৃত (Used in pregnancy for HIV/Hepatitis B per protocol),এইচআইভি/এইচবিভি নির্দেশিকা অনুসরণ করুন (Consult HIV/HBV feeding protocol),চিকিৎসকের পরামর্শ অনুযায়ী পরিমিত মাত্রায় সেব্য। কোনো জটিলতা বা অ্যালার্জি দেখা দিলে অবিলম্বে ওষুধ বন্ধ করে চিকিৎসকের শরণাপন্ন হতে হবে।
95,এফাভিরেঞ্জ (Efavirenz),Efavirenz,এফাভিরেঞ্জ,,Antivirals,General/Regular Use,ব্যবহার/নির্দেশনা: এইচআইভি চিকিৎসা (HIV treatment)। ক্যাটেগরি: Antivirals (General/Regular Use)। সেবন যোগ্যতা: Prescription।,অতিসংবেদনশীলতা (Allergy) থাকলে বা চিকিৎসকের সুস্পষ্ট পরামর্শ ব্যতীত অননুমোদিত মাত্রায় ব্যবহার পরিহার করুন।,প্রথম ত্রৈমাসিকে সতর্কতা ঐতিহাসিকভাবে; বর্তমান নির্দেশনা যাচাই করুন (Historically cautioned in 1st trimester; current guidance evolving - verify current WHO stance),এইচআইভি নির্দেশিকা অনুসরণ করুন (Consult HIV feeding protocol),চিকিৎসকের পরামর্শ অনুযায়ী পরিমিত মাত্রায় সেব্য। কোনো জটিলতা বা অ্যালার্জি দেখা দিলে অবিলম্বে ওষুধ বন্ধ করে চিকিৎসকের শরণাপন্ন হতে হবে।
96,রিবাভাইরিন (Ribavirin),Ribavirin,রিবাভাইরিন,,Antivirals,General/Regular Use,"ব্যবহার/নির্দেশনা: হেপাটাইটিস সি (Hepatitis C, viral infections)। ক্যাটেগরি: Antivirals (General/Regular Use)। সেবন যোগ্যতা: Prescription।",অতিসংবেদনশীলতা (Allergy) থাকলে বা চিকিৎসকের সুস্পষ্ট পরামর্শ ব্যতীত অননুমোদিত মাত্রায় ব্যবহার পরিহার করুন।,নিষিদ্ধ (টেরাটোজেনিক) (CONTRAINDICATED (teratogenic)),এড়ানো হয় (Avoided),চিকিৎসকের পরামর্শ অনুযায়ী পরিমিত মাত্রায় সেব্য। কোনো জটিলতা বা অ্যালার্জি দেখা দিলে অবিলম্বে ওষুধ বন্ধ করে চিকিৎসকের শরণাপন্ন হতে হবে।
97,ক্লোরোকুইন (Chloroquine),Chloroquine,ক্লোরোকুইন,,Antimalarials,General/Regular Use,ব্যবহার/নির্দেশনা: ম্যালেরিয়া (Malaria)। ক্যাটেগরি: Antimalarials (General/Regular Use)। সেবন যোগ্যতা: Prescription।,অতিসংবেদনশীলতা (Allergy) থাকলে বা চিকিৎসকের সুস্পষ্ট পরামর্শ ব্যতীত অননুমোদিত মাত্রায় ব্যবহার পরিহার করুন।,নিরাপদ বলে বিবেচিত (Considered safe),সামঞ্জস্যপূর্ণ (Compatible),চিকিৎসকের পরামর্শ অনুযায়ী পরিমিত মাত্রায় সেব্য। কোনো জটিলতা বা অ্যালার্জি দেখা দিলে অবিলম্বে ওষুধ বন্ধ করে চিকিৎসকের শরণাপন্ন হতে হবে।
98,কুইনাইন (Quinine),Quinine,কুইনাইন,,Antimalarials,General/Regular Use,ব্যবহার/নির্দেশনা: ম্যালেরিয়া (Malaria)। ক্যাটেগরি: Antimalarials (General/Regular Use)। সেবন যোগ্যতা: Prescription।,অতিসংবেদনশীলতা (Allergy) থাকলে বা চিকিৎসকের সুস্পষ্ট পরামর্শ ব্যতীত অননুমোদিত মাত্রায় ব্যবহার পরিহার করুন।,সতর্কতার সাথে ব্যবহৃত (Used with caution (high-dose risk)),সামঞ্জস্যপূর্ণ (Compatible),চিকিৎসকের পরামর্শ অনুযায়ী পরিমিত মাত্রায় সেব্য। কোনো জটিলতা বা অ্যালার্জি দেখা দিলে অবিলম্বে ওষুধ বন্ধ করে চিকিৎসকের শরণাপন্ন হতে হবে।
99,আর্টেমিসিনিন কম্বিনেশন থেরাপি (Artemisinin combination therapy),Artemisinin combination therapy,আর্টেমিসিনিন কম্বিনেশন থেরাপি,,Antimalarials,General/Regular Use,ব্যবহার/নির্দেশনা: ম্যালেরিয়া (Malaria)। ক্যাটেগরি: Antimalarials (General/Regular Use)। সেবন যোগ্যতা: Prescription।,অতিসংবেদনশীলতা (Allergy) থাকলে বা চিকিৎসকের সুস্পষ্ট পরামর্শ ব্যতীত অননুমোদিত মাত্রায় ব্যবহার পরিহার করুন।,দ্বিতীয়/তৃতীয় ত্রৈমাসিকে ব্যবহৃত; প্রথমে সতর্কতা (Used in 2nd/3rd trimester; caution in 1st),সামঞ্জস্যপূর্ণ (Compatible),চিকিৎসকের পরামর্শ অনুযায়ী পরিমিত মাত্রায় সেব্য। কোনো জটিলতা বা অ্যালার্জি দেখা দিলে অবিলম্বে ওষুধ বন্ধ করে চিকিৎসকের শরণাপন্ন হতে হবে।
100,মেফ্লোকুইন (Mefloquine),Mefloquine,মেফ্লোকুইন,,Antimalarials,General/Regular Use,ব্যবহার/নির্দেশনা: ম্যালেরিয়া (Malaria (prevention/treatment))। ক্যাটেগরি: Antimalarials (General/Regular Use)। সেবন যোগ্যতা: Prescription।,অতিসংবেদনশীলতা (Allergy) থাকলে বা চিকিৎসকের সুস্পষ্ট পরামর্শ ব্যতীত অননুমোদিত মাত্রায় ব্যবহার পরিহার করুন।,সতর্কতার সাথে ব্যবহৃত (Used with caution),সামঞ্জস্যপূর্ণ (Compatible),চিকিৎসকের পরামর্শ অনুযায়ী পরিমিত মাত্রায় সেব্য। কোনো জটিলতা বা অ্যালার্জি দেখা দিলে অবিলম্বে ওষুধ বন্ধ করে চিকিৎসকের শরণাপন্ন হতে হবে।
101,অ্যালবেন্ডাজল (Albendazole),Albendazole,অ্যালবেন্ডাজল,,Anthelmintics,General/Regular Use,ব্যবহার/নির্দেশনা: কৃমি সংক্রমণ (Worm infections)। ক্যাটেগরি: Anthelmintics (General/Regular Use)। সেবন যোগ্যতা: OTC।,অতিসংবেদনশীলতা (Allergy) থাকলে বা চিকিৎসকের সুস্পষ্ট পরামর্শ ব্যতীত অননুমোদিত মাত্রায় ব্যবহার পরিহার করুন।,প্রথম ত্রৈমাসিকে এড়ানো হয় (Avoided in 1st trimester),সামঞ্জস্যপূর্ণ (Compatible),চিকিৎসকের পরামর্শ অনুযায়ী পরিমিত মাত্রায় সেব্য। কোনো জটিলতা বা অ্যালার্জি দেখা দিলে অবিলম্বে ওষুধ বন্ধ করে চিকিৎসকের শরণাপন্ন হতে হবে।
102,মেবেন্ডাজল (Mebendazole),Mebendazole,মেবেন্ডাজল,,Anthelmintics,General/Regular Use,ব্যবহার/নির্দেশনা: কৃমি সংক্রমণ (Worm infections)। ক্যাটেগরি: Anthelmintics (General/Regular Use)। সেবন যোগ্যতা: OTC।,অতিসংবেদনশীলতা (Allergy) থাকলে বা চিকিৎসকের সুস্পষ্ট পরামর্শ ব্যতীত অননুমোদিত মাত্রায় ব্যবহার পরিহার করুন।,প্রথম ত্রৈমাসিকে এড়ানো হয় (Avoided in 1st trimester),সামঞ্জস্যপূর্ণ (Compatible),চিকিৎসকের পরামর্শ অনুযায়ী পরিমিত মাত্রায় সেব্য। কোনো জটিলতা বা অ্যালার্জি দেখা দিলে অবিলম্বে ওষুধ বন্ধ করে চিকিৎসকের শরণাপন্ন হতে হবে।
103,আইভারমেকটিন (Ivermectin),Ivermectin,আইভারমেকটিন,,Anthelmintics,General/Regular Use,"ব্যবহার/নির্দেশনা: পরজীবী সংক্রমণ (Parasitic infections (scabies, worms))। ক্যাটেগরি: Anthelmintics (General/Regular Use)। সেবন যোগ্যতা: Prescription।",অতিসংবেদনশীলতা (Allergy) থাকলে বা চিকিৎসকের সুস্পষ্ট পরামর্শ ব্যতীত অননুমোদিত মাত্রায় ব্যবহার পরিহার করুন।,সীমিত তথ্য; সতর্কতা (Limited data; caution),সীমিত তথ্য; সতর্কতা (Limited data; caution),চিকিৎসকের পরামর্শ অনুযায়ী পরিমিত মাত্রায় সেব্য। কোনো জটিলতা বা অ্যালার্জি দেখা দিলে অবিলম্বে ওষুধ বন্ধ করে চিকিৎসকের শরণাপন্ন হতে হবে।
104,প্রাজিকোয়ান্টেল (Praziquantel),Praziquantel,প্রাজিকোয়ান্টেল,,Anthelmintics,General/Regular Use,ব্যবহার/নির্দেশনা: কৃমি সংক্রমণ (Worm infections (schistosomiasis))। ক্যাটেগরি: Anthelmintics (General/Regular Use)। সেবন যোগ্যতা: Prescription।,অতিসংবেদনশীলতা (Allergy) থাকলে বা চিকিৎসকের সুস্পষ্ট পরামর্শ ব্যতীত অননুমোদিত মাত্রায় ব্যবহার পরিহার করুন।,ডব্লিউএইচও প্রয়োজনে নিরাপদ বিবেচনা করে (WHO considers safe when needed),সামঞ্জস্যপূর্ণ (Compatible),চিকিৎসকের পরামর্শ অনুযায়ী পরিমিত মাত্রায় সেব্য। কোনো জটিলতা বা অ্যালার্জি দেখা দিলে অবিলম্বে ওষুধ বন্ধ করে চিকিৎসকের শরণাপন্ন হতে হবে।
105,ডাইইথাইলকার্বামাজিন (Diethylcarbamazine),Diethylcarbamazine,ডাইইথাইলকার্বামাজিন,,Anthelmintics,General/Regular Use,ব্যবহার/নির্দেশনা: ফাইলেরিয়াসিস (Filariasis)। ক্যাটেগরি: Anthelmintics (General/Regular Use)। সেবন যোগ্যতা: Prescription।,অতিসংবেদনশীলতা (Allergy) থাকলে বা চিকিৎসকের সুস্পষ্ট পরামর্শ ব্যতীত অননুমোদিত মাত্রায় ব্যবহার পরিহার করুন।,সীমিত তথ্য; সতর্কতা (Limited data; caution),সীমিত তথ্য (Limited data),চিকিৎসকের পরামর্শ অনুযায়ী পরিমিত মাত্রায় সেব্য। কোনো জটিলতা বা অ্যালার্জি দেখা দিলে অবিলম্বে ওষুধ বন্ধ করে চিকিৎসকের শরণাপন্ন হতে হবে।
106,লোসারটান (Losartan),Losartan,লোসারটান,,Cardiovascular,General/Regular Use,ব্যবহার/নির্দেশনা: উচ্চ রক্তচাপ (High blood pressure)। ক্যাটেগরি: Cardiovascular (General/Regular Use)। সেবন যোগ্যতা: Prescription।,অতিসংবেদনশীলতা (Allergy) থাকলে বা চিকিৎসকের সুস্পষ্ট পরামর্শ ব্যতীত অননুমোদিত মাত্রায় ব্যবহার পরিহার করুন।,নিষিদ্ধ (এআরবি) (CONTRAINDICATED (ARB - fetal renal toxicity like ACEi)),সাধারণত এড়ানো হয় (Generally avoided),চিকিৎসকের পরামর্শ অনুযায়ী পরিমিত মাত্রায় সেব্য। কোনো জটিলতা বা অ্যালার্জি দেখা দিলে অবিলম্বে ওষুধ বন্ধ করে চিকিৎসকের শরণাপন্ন হতে হবে।
107,অ্যামলোডিপিন (Amlodipine),Amlodipine,অ্যামলোডিপিন,,Cardiovascular,General/Regular Use,ব্যবহার/নির্দেশনা: উচ্চ রক্তচাপ (High blood pressure)। ক্যাটেগরি: Cardiovascular (General/Regular Use)। সেবন যোগ্যতা: Prescription।,অতিসংবেদনশীলতা (Allergy) থাকলে বা চিকিৎসকের সুস্পষ্ট পরামর্শ ব্যতীত অননুমোদিত মাত্রায় ব্যবহার পরিহার করুন।,সাধারণত নিরাপদ বিবেচিত (Generally considered safe),সামঞ্জস্যপূর্ণ (Compatible),চিকিৎসকের পরামর্শ অনুযায়ী পরিমিত মাত্রায় সেব্য। কোনো জটিলতা বা অ্যালার্জি দেখা দিলে অবিলম্বে ওষুধ বন্ধ করে চিকিৎসকের শরণাপন্ন হতে হবে।
108,অ্যাটেনোলল (Atenolol),Atenolol,অ্যাটেনোলল,,Cardiovascular,General/Regular Use,"ব্যবহার/নির্দেশনা: উচ্চ রক্তচাপ, হৃদরোগ (High blood pressure, heart conditions)। ক্যাটেগরি: Cardiovascular (General/Regular Use)। সেবন যোগ্যতা: Prescription।",অতিসংবেদনশীলতা (Allergy) থাকলে বা চিকিৎসকের সুস্পষ্ট পরামর্শ ব্যতীত অননুমোদিত মাত্রায় ব্যবহার পরিহার করুন।,সতর্কতা (বৃদ্ধি সীমাবদ্ধতার ঝুঁকি) (Caution (IUGR risk with prolonged use)),সতর্কতা; শিশু পর্যবেক্ষণ করুন (Caution; monitor infant),চিকিৎসকের পরামর্শ অনুযায়ী পরিমিত মাত্রায় সেব্য। কোনো জটিলতা বা অ্যালার্জি দেখা দিলে অবিলম্বে ওষুধ বন্ধ করে চিকিৎসকের শরণাপন্ন হতে হবে।
109,প্রোপ্রানোলল (Propranolol),Propranolol,প্রোপ্রানোলল,,Cardiovascular,General/Regular Use,"ব্যবহার/নির্দেশনা: উচ্চ রক্তচাপ, মাইগ্রেন (High BP, migraine, anxiety)। ক্যাটেগরি: Cardiovascular (General/Regular Use)। সেবন যোগ্যতা: Prescription।",অতিসংবেদনশীলতা (Allergy) থাকলে বা চিকিৎসকের সুস্পষ্ট পরামর্শ ব্যতীত অননুমোদিত মাত্রায় ব্যবহার পরিহার করুন।,সতর্কতার সাথে ব্যবহৃত (Used cautiously; monitor neonate for hypoglycemia),সামঞ্জস্যপূর্ণ (Compatible),চিকিৎসকের পরামর্শ অনুযায়ী পরিমিত মাত্রায় সেব্য। কোনো জটিলতা বা অ্যালার্জি দেখা দিলে অবিলম্বে ওষুধ বন্ধ করে চিকিৎসকের শরণাপন্ন হতে হবে।
110,ডিগক্সিন (Digoxin),Digoxin,ডিগক্সিন,,Cardiovascular,General/Regular Use,"ব্যবহার/নির্দেশনা: হৃদযন্ত্রের ব্যর্থতা, অ্যারিদমিয়া (Heart failure, arrhythmia)। ক্যাটেগরি: Cardiovascular (General/Regular Use)। সেবন যোগ্যতা: Prescription।",অতিসংবেদনশীলতা (Allergy) থাকলে বা চিকিৎসকের সুস্পষ্ট পরামর্শ ব্যতীত অননুমোদিত মাত্রায় ব্যবহার পরিহার করুন।,নিরাপদ; ভ্রূণের অ্যারিদমিয়ায় ব্যবহৃত (Generally safe; used for fetal arrhythmia),সামঞ্জস্যপূর্ণ (Compatible),চিকিৎসকের পরামর্শ অনুযায়ী পরিমিত মাত্রায় সেব্য। কোনো জটিলতা বা অ্যালার্জি দেখা দিলে অবিলম্বে ওষুধ বন্ধ করে চিকিৎসকের শরণাপন্ন হতে হবে।
111,অ্যামিওডারোন (Amiodarone),Amiodarone,অ্যামিওডারোন,,Cardiovascular,General/Regular Use,ব্যবহার/নির্দেশনা: হৃদস্পন্দনের অনিয়ম (Cardiac arrhythmia)। ক্যাটেগরি: Cardiovascular (General/Regular Use)। সেবন যোগ্যতা: Prescription।,অতিসংবেদনশীলতা (Allergy) থাকলে বা চিকিৎসকের সুস্পষ্ট পরামর্শ ব্যতীত অননুমোদিত মাত্রায় ব্যবহার পরিহার করুন।,এড়ানো হয় (ভ্রূণের থাইরয়েড প্রভাব) (Avoided (fetal thyroid effects)),সাধারণত এড়ানো হয় (Generally avoided),চিকিৎসকের পরামর্শ অনুযায়ী পরিমিত মাত্রায় সেব্য। কোনো জটিলতা বা অ্যালার্জি দেখা দিলে অবিলম্বে ওষুধ বন্ধ করে চিকিৎসকের শরণাপন্ন হতে হবে।
112,ভেরাপামিল (Verapamil),Verapamil,ভেরাপামিল,,Cardiovascular,General/Regular Use,"ব্যবহার/নির্দেশনা: উচ্চ রক্তচাপ, অ্যারিদমিয়া (High BP, arrhythmia)। ক্যাটেগরি: Cardiovascular (General/Regular Use)। সেবন যোগ্যতা: Prescription।",অতিসংবেদনশীলতা (Allergy) থাকলে বা চিকিৎসকের সুস্পষ্ট পরামর্শ ব্যতীত অননুমোদিত মাত্রায় ব্যবহার পরিহার করুন।,সাধারণত নিরাপদ বিবেচিত (Generally considered safe),সামঞ্জস্যপূর্ণ (Compatible),চিকিৎসকের পরামর্শ অনুযায়ী পরিমিত মাত্রায় সেব্য। কোনো জটিলতা বা অ্যালার্জি দেখা দিলে অবিলম্বে ওষুধ বন্ধ করে চিকিৎসকের শরণাপন্ন হতে হবে।
113,ফুরোসেমাইড (Furosemide),Furosemide,ফুরোসেমাইড,,Cardiovascular,General/Regular Use,"ব্যবহার/নির্দেশনা: তরল জমা, হৃদযন্ত্রের ব্যর্থতা (Fluid retention, heart failure)। ক্যাটেগরি: Cardiovascular (General/Regular Use)। সেবন যোগ্যতা: Prescription।",অতিসংবেদনশীলতা (Allergy) থাকলে বা চিকিৎসকের সুস্পষ্ট পরামর্শ ব্যতীত অননুমোদিত মাত্রায় ব্যবহার পরিহার করুন।,প্রয়োজনে ব্যবহৃত; সতর্কতা (Used when needed; caution),সামঞ্জস্যপূর্ণ; দুধ কমাতে পারে (Compatible; may reduce milk supply),চিকিৎসকের পরামর্শ অনুযায়ী পরিমিত মাত্রায় সেব্য। কোনো জটিলতা বা অ্যালার্জি দেখা দিলে অবিলম্বে ওষুধ বন্ধ করে চিকিৎসকের শরণাপন্ন হতে হবে।
114,হাইড্রোক্লোরোথিয়াজাইড (Hydrochlorothiazide),Hydrochlorothiazide,হাইড্রোক্লোরোথিয়াজাইড,,Cardiovascular,General/Regular Use,ব্যবহার/নির্দেশনা: উচ্চ রক্তচাপ (High blood pressure)। ক্যাটেগরি: Cardiovascular (General/Regular Use)। সেবন যোগ্যতা: Prescription।,অতিসংবেদনশীলতা (Allergy) থাকলে বা চিকিৎসকের সুস্পষ্ট পরামর্শ ব্যতীত অননুমোদিত মাত্রায় ব্যবহার পরিহার করুন।,সতর্কতার সাথে ব্যবহৃত (Used with caution),দুধ কমাতে পারে; সতর্কতা (May reduce milk supply; caution),চিকিৎসকের পরামর্শ অনুযায়ী পরিমিত মাত্রায় সেব্য। কোনো জটিলতা বা অ্যালার্জি দেখা দিলে অবিলম্বে ওষুধ বন্ধ করে চিকিৎসকের শরণাপন্ন হতে হবে।
115,স্পাইরোনোল্যাকটোন (Spironolactone),Spironolactone,স্পাইরোনোল্যাকটোন,,Cardiovascular,General/Regular Use,"ব্যবহার/নির্দেশনা: তরল জমা, উচ্চ রক্তচাপ (Fluid retention, high BP)। ক্যাটেগরি: Cardiovascular (General/Regular Use)। সেবন যোগ্যতা: Prescription।",অতিসংবেদনশীলতা (Allergy) থাকলে বা চিকিৎসকের সুস্পষ্ট পরামর্শ ব্যতীত অননুমোদিত মাত্রায় ব্যবহার পরিহার করুন।,এড়ানো হয় (অ্যান্টি-অ্যান্ড্রোজেনিক প্রভাব) (Avoided (anti-androgenic effects)),সতর্কতা; সীমিত তথ্য (Caution; limited data),চিকিৎসকের পরামর্শ অনুযায়ী পরিমিত মাত্রায় সেব্য। কোনো জটিলতা বা অ্যালার্জি দেখা দিলে অবিলম্বে ওষুধ বন্ধ করে চিকিৎসকের শরণাপন্ন হতে হবে।
116,আইসোসরবাইড ডাইনাইট্রেট (Isosorbide dinitrate),Isosorbide dinitrate,আইসোসরবাইড ডাইনাইট্রেট,,Cardiovascular,General/Regular Use,ব্যবহার/নির্দেশনা: এনজাইনা (Angina (chest pain))। ক্যাটেগরি: Cardiovascular (General/Regular Use)। সেবন যোগ্যতা: Prescription।,অতিসংবেদনশীলতা (Allergy) থাকলে বা চিকিৎসকের সুস্পষ্ট পরামর্শ ব্যতীত অননুমোদিত মাত্রায় ব্যবহার পরিহার করুন।,সতর্কতার সাথে ব্যবহৃত (Used with caution),সীমিত তথ্য (Limited data),চিকিৎসকের পরামর্শ অনুযায়ী পরিমিত মাত্রায় সেব্য। কোনো জটিলতা বা অ্যালার্জি দেখা দিলে অবিলম্বে ওষুধ বন্ধ করে চিকিৎসকের শরণাপন্ন হতে হবে।
117,নাইট্রোগ্লিসারিন (Nitroglycerin),Nitroglycerin,নাইট্রোগ্লিসারিন,,Cardiovascular,General/Regular Use,ব্যবহার/নির্দেশনা: এনজাইনা (Angina (chest pain))। ক্যাটেগরি: Cardiovascular (General/Regular Use)। সেবন যোগ্যতা: Prescription।,অতিসংবেদনশীলতা (Allergy) থাকলে বা চিকিৎসকের সুস্পষ্ট পরামর্শ ব্যতীত অননুমোদিত মাত্রায় ব্যবহার পরিহার করুন।,সতর্কতার সাথে ব্যবহৃত (Used with caution (also used as tocolytic)),সীমিত তথ্য (Limited data),চিকিৎসকের পরামর্শ অনুযায়ী পরিমিত মাত্রায় সেব্য। কোনো জটিলতা বা অ্যালার্জি দেখা দিলে অবিলম্বে ওষুধ বন্ধ করে চিকিৎসকের শরণাপন্ন হতে হবে।
118,ক্লোনিডিন (Clonidine),Clonidine,ক্লোনিডিন,,Cardiovascular,General/Regular Use,ব্যবহার/নির্দেশনা: উচ্চ রক্তচাপ (High blood pressure)। ক্যাটেগরি: Cardiovascular (General/Regular Use)। সেবন যোগ্যতা: Prescription।,অতিসংবেদনশীলতা (Allergy) থাকলে বা চিকিৎসকের সুস্পষ্ট পরামর্শ ব্যতীত অননুমোদিত মাত্রায় ব্যবহার পরিহার করুন।,সতর্কতার সাথে ব্যবহৃত (Used with caution),সামঞ্জস্যপূর্ণ; শিশু পর্যবেক্ষণ (Compatible; monitor infant),চিকিৎসকের পরামর্শ অনুযায়ী পরিমিত মাত্রায় সেব্য। কোনো জটিলতা বা অ্যালার্জি দেখা দিলে অবিলম্বে ওষুধ বন্ধ করে চিকিৎসকের শরণাপন্ন হতে হবে।
119,ডক্সাজোসিন (Doxazosin),Doxazosin,ডক্সাজোসিন,,Cardiovascular,General/Regular Use,"ব্যবহার/নির্দেশনা: উচ্চ রক্তচাপ, প্রোস্টেট বৃদ্ধি (High BP, prostate enlargement)। ক্যাটেগরি: Cardiovascular (General/Regular Use)। সেবন যোগ্যতা: Prescription।",অতিসংবেদনশীলতা (Allergy) থাকলে বা চিকিৎসকের সুস্পষ্ট পরামর্শ ব্যতীত অননুমোদিত মাত্রায় ব্যবহার পরিহার করুন।,সীমিত তথ্য; সতর্কতা (Limited data; caution),সীমিত তথ্য (Limited data),চিকিৎসকের পরামর্শ অনুযায়ী পরিমিত মাত্রায় সেব্য। কোনো জটিলতা বা অ্যালার্জি দেখা দিলে অবিলম্বে ওষুধ বন্ধ করে চিকিৎসকের শরণাপন্ন হতে হবে।
120,ম্যানিটল (Mannitol),Mannitol,ম্যানিটল,,Cardiovascular,General/Regular Use,ব্যবহার/নির্দেশনা: মস্তিষ্ক/চোখের চাপ কমাতে (Reduce brain/eye pressure)। ক্যাটেগরি: Cardiovascular (General/Regular Use)। সেবন যোগ্যতা: Prescription।,অতিসংবেদনশীলতা (Allergy) থাকলে বা চিকিৎসকের সুস্পষ্ট পরামর্শ ব্যতীত অননুমোদিত মাত্রায় ব্যবহার পরিহার করুন।,নির্দিষ্ট ক্ষেত্রে সতর্কতার সাথে ব্যবহৃত (Used with caution in specific indications),সীমিত তথ্য (Limited data),চিকিৎসকের পরামর্শ অনুযায়ী পরিমিত মাত্রায় সেব্য। কোনো জটিলতা বা অ্যালার্জি দেখা দিলে অবিলম্বে ওষুধ বন্ধ করে চিকিৎসকের শরণাপন্ন হতে হবে।
121,টরসেমাইড (Torsemide),Torsemide,টরসেমাইড,,Cardiovascular,General/Regular Use,ব্যবহার/নির্দেশনা: তরল জমা (Fluid retention)। ক্যাটেগরি: Cardiovascular (General/Regular Use)। সেবন যোগ্যতা: Prescription।,অতিসংবেদনশীলতা (Allergy) থাকলে বা চিকিৎসকের সুস্পষ্ট পরামর্শ ব্যতীত অননুমোদিত মাত্রায় ব্যবহার পরিহার করুন।,সীমিত তথ্য; সতর্কতা (Limited data; caution),সীমিত তথ্য (Limited data),চিকিৎসকের পরামর্শ অনুযায়ী পরিমিত মাত্রায় সেব্য। কোনো জটিলতা বা অ্যালার্জি দেখা দিলে অবিলম্বে ওষুধ বন্ধ করে চিকিৎসকের শরণাপন্ন হতে হবে।
122,অ্যাটোরভাস্ট্যাটিন (Atorvastatin),Atorvastatin,অ্যাটোরভাস্ট্যাটিন,,Statins/Lipid-Lowering,General/Regular Use,ব্যবহার/নির্দেশনা: উচ্চ কোলেস্টেরল (High cholesterol)। ক্যাটেগরি: Statins/Lipid-Lowering (General/Regular Use)। সেবন যোগ্যতা: Prescription।,অতিসংবেদনশীলতা (Allergy) থাকলে বা চিকিৎসকের সুস্পষ্ট পরামর্শ ব্যতীত অননুমোদিত মাত্রায় ব্যবহার পরিহার করুন।,সাধারণত গর্ভাবস্থায় এড়ানো হয় (Generally avoided in pregnancy),সাধারণত এড়ানো হয় (Generally avoided),চিকিৎসকের পরামর্শ অনুযায়ী পরিমিত মাত্রায় সেব্য। কোনো জটিলতা বা অ্যালার্জি দেখা দিলে অবিলম্বে ওষুধ বন্ধ করে চিকিৎসকের শরণাপন্ন হতে হবে।
123,সিমভাস্ট্যাটিন (Simvastatin),Simvastatin,সিমভাস্ট্যাটিন,,Statins/Lipid-Lowering,General/Regular Use,ব্যবহার/নির্দেশনা: উচ্চ কোলেস্টেরল (High cholesterol)। ক্যাটেগরি: Statins/Lipid-Lowering (General/Regular Use)। সেবন যোগ্যতা: Prescription।,অতিসংবেদনশীলতা (Allergy) থাকলে বা চিকিৎসকের সুস্পষ্ট পরামর্শ ব্যতীত অননুমোদিত মাত্রায় ব্যবহার পরিহার করুন।,সাধারণত গর্ভাবস্থায় এড়ানো হয় (Generally avoided in pregnancy),সাধারণত এড়ানো হয় (Generally avoided),চিকিৎসকের পরামর্শ অনুযায়ী পরিমিত মাত্রায় সেব্য। কোনো জটিলতা বা অ্যালার্জি দেখা দিলে অবিলম্বে ওষুধ বন্ধ করে চিকিৎসকের শরণাপন্ন হতে হবে।
124,রোসুভাস্ট্যাটিন (Rosuvastatin),Rosuvastatin,রোসুভাস্ট্যাটিন,,Statins/Lipid-Lowering,General/Regular Use,ব্যবহার/নির্দেশনা: উচ্চ কোলেস্টেরল (High cholesterol)। ক্যাটেগরি: Statins/Lipid-Lowering (General/Regular Use)। সেবন যোগ্যতা: Prescription।,অতিসংবেদনশীলতা (Allergy) থাকলে বা চিকিৎসকের সুস্পষ্ট পরামর্শ ব্যতীত অননুমোদিত মাত্রায় ব্যবহার পরিহার করুন।,সাধারণত গর্ভাবস্থায় এড়ানো হয় (Generally avoided in pregnancy),সাধারণত এড়ানো হয় (Generally avoided),চিকিৎসকের পরামর্শ অনুযায়ী পরিমিত মাত্রায় সেব্য। কোনো জটিলতা বা অ্যালার্জি দেখা দিলে অবিলম্বে ওষুধ বন্ধ করে চিকিৎসকের শরণাপন্ন হতে হবে।
125,ওয়ারফারিন (Warfarin),Warfarin,ওয়ারফারিন,,Anticoagulants,General/Regular Use,ব্যবহার/নির্দেশনা: রক্ত জমাট প্রতিরোধ (Blood clot prevention)। ক্যাটেগরি: Anticoagulants (General/Regular Use)। সেবন যোগ্যতা: Prescription।,অতিসংবেদনশীলতা (Allergy) থাকলে বা চিকিৎসকের সুস্পষ্ট পরামর্শ ব্যতীত অননুমোদিত মাত্রায় ব্যবহার পরিহার করুন।,নিষিদ্ধ (ভ্রূণের বিকৃতির ঝুঁকি) (CONTRAINDICATED (warfarin embryopathy)),সামঞ্জস্যপূর্ণ (Compatible (does not pass into milk significantly)),চিকিৎসকের পরামর্শ অনুযায়ী পরিমিত মাত্রায় সেব্য। কোনো জটিলতা বা অ্যালার্জি দেখা দিলে অবিলম্বে ওষুধ বন্ধ করে চিকিৎসকের শরণাপন্ন হতে হবে।
126,হেপারিন (Heparin),Heparin,হেপারিন,,Anticoagulants,General/Regular Use,ব্যবহার/নির্দেশনা: রক্ত জমাট প্রতিরোধ (Blood clot prevention/treatment)। ক্যাটেগরি: Anticoagulants (General/Regular Use)। সেবন যোগ্যতা: Prescription।,অতিসংবেদনশীলতা (Allergy) থাকলে বা চিকিৎসকের সুস্পষ্ট পরামর্শ ব্যতীত অননুমোদিত মাত্রায় ব্যবহার পরিহার করুন।,নিরাপদ (প্লাসেন্টা অতিক্রম করে না) (Safe (doesn't cross placenta)),সামঞ্জস্যপূর্ণ (Compatible),চিকিৎসকের পরামর্শ অনুযায়ী পরিমিত মাত্রায় সেব্য। কোনো জটিলতা বা অ্যালার্জি দেখা দিলে অবিলম্বে ওষুধ বন্ধ করে চিকিৎসকের শরণাপন্ন হতে হবে।
127,এনোক্সাপারিন (Enoxaparin),Enoxaparin,এনোক্সাপারিন,,Anticoagulants,General/Regular Use,ব্যবহার/নির্দেশনা: রক্ত জমাট প্রতিরোধ (Blood clot prevention/treatment)। ক্যাটেগরি: Anticoagulants (General/Regular Use)। সেবন যোগ্যতা: Prescription।,অতিসংবেদনশীলতা (Allergy) থাকলে বা চিকিৎসকের সুস্পষ্ট পরামর্শ ব্যতীত অননুমোদিত মাত্রায় ব্যবহার পরিহার করুন।,নিরাপদ; গর্ভাবস্থায় পছন্দনীয় (Safe; preferred anticoagulant in pregnancy),সামঞ্জস্যপূর্ণ (Compatible),চিকিৎসকের পরামর্শ অনুযায়ী পরিমিত মাত্রায় সেব্য। কোনো জটিলতা বা অ্যালার্জি দেখা দিলে অবিলম্বে ওষুধ বন্ধ করে চিকিৎসকের শরণাপন্ন হতে হবে।
128,অ্যাপিক্সাবান (Apixaban),Apixaban,অ্যাপিক্সাবান,,Anticoagulants,General/Regular Use,ব্যবহার/নির্দেশনা: রক্ত জমাট প্রতিরোধ (Blood clot prevention)। ক্যাটেগরি: Anticoagulants (General/Regular Use)। সেবন যোগ্যতা: Prescription।,অতিসংবেদনশীলতা (Allergy) থাকলে বা চিকিৎসকের সুস্পষ্ট পরামর্শ ব্যতীত অননুমোদিত মাত্রায় ব্যবহার পরিহার করুন।,এড়ানো হয়; পর্যাপ্ত তথ্য নেই (Avoided; insufficient data),এড়ানো হয় (Avoided; insufficient data),চিকিৎসকের পরামর্শ অনুযায়ী পরিমিত মাত্রায় সেব্য। কোনো জটিলতা বা অ্যালার্জি দেখা দিলে অবিলম্বে ওষুধ বন্ধ করে চিকিৎসকের শরণাপন্ন হতে হবে।
129,রিভারোক্সাবান (Rivaroxaban),Rivaroxaban,রিভারোক্সাবান,,Anticoagulants,General/Regular Use,ব্যবহার/নির্দেশনা: রক্ত জমাট প্রতিরোধ (Blood clot prevention)। ক্যাটেগরি: Anticoagulants (General/Regular Use)। সেবন যোগ্যতা: Prescription।,অতিসংবেদনশীলতা (Allergy) থাকলে বা চিকিৎসকের সুস্পষ্ট পরামর্শ ব্যতীত অননুমোদিত মাত্রায় ব্যবহার পরিহার করুন।,এড়ানো হয়; পর্যাপ্ত তথ্য নেই (Avoided; insufficient data),এড়ানো হয় (Avoided; insufficient data),চিকিৎসকের পরামর্শ অনুযায়ী পরিমিত মাত্রায় সেব্য। কোনো জটিলতা বা অ্যালার্জি দেখা দিলে অবিলম্বে ওষুধ বন্ধ করে চিকিৎসকের শরণাপন্ন হতে হবে।
130,ড্যাবিগাট্রান (Dabigatran),Dabigatran,ড্যাবিগাট্রান,,Anticoagulants,General/Regular Use,ব্যবহার/নির্দেশনা: রক্ত জমাট প্রতিরোধ (Blood clot prevention)। ক্যাটেগরি: Anticoagulants (General/Regular Use)। সেবন যোগ্যতা: Prescription।,অতিসংবেদনশীলতা (Allergy) থাকলে বা চিকিৎসকের সুস্পষ্ট পরামর্শ ব্যতীত অননুমোদিত মাত্রায় ব্যবহার পরিহার করুন।,এড়ানো হয়; পর্যাপ্ত তথ্য নেই (Avoided; insufficient data),এড়ানো হয় (Avoided; insufficient data),চিকিৎসকের পরামর্শ অনুযায়ী পরিমিত মাত্রায় সেব্য। কোনো জটিলতা বা অ্যালার্জি দেখা দিলে অবিলম্বে ওষুধ বন্ধ করে চিকিৎসকের শরণাপন্ন হতে হবে।
131,ক্লোপিডোগ্রেল (Clopidogrel),Clopidogrel,ক্লোপিডোগ্রেল,,Anticoagulants,General/Regular Use,ব্যবহার/নির্দেশনা: রক্ত জমাট প্রতিরোধ (Blood clot prevention (heart/stroke))। ক্যাটেগরি: Anticoagulants (General/Regular Use)। সেবন যোগ্যতা: Prescription।,অতিসংবেদনশীলতা (Allergy) থাকলে বা চিকিৎসকের সুস্পষ্ট পরামর্শ ব্যতীত অননুমোদিত মাত্রায় ব্যবহার পরিহার করুন।,সীমিত তথ্য; সতর্কতা (Limited data; caution),সীমিত তথ্য; সতর্কতা (Limited data; caution),চিকিৎসকের পরামর্শ অনুযায়ী পরিমিত মাত্রায় সেব্য। কোনো জটিলতা বা অ্যালার্জি দেখা দিলে অবিলম্বে ওষুধ বন্ধ করে চিকিৎসকের শরণাপন্ন হতে হবে।
132,গ্লিবেনক্লামাইড (Glibenclamide),Glibenclamide,গ্লিবেনক্লামাইড,,Antidiabetics (Extended),General/Regular Use,ব্যবহার/নির্দেশনা: টাইপ ২ ডায়াবেটিস (Type 2 diabetes)। ক্যাটেগরি: Antidiabetics (Extended) (General/Regular Use)। সেবন যোগ্যতা: Prescription।,অতিসংবেদনশীলতা (Allergy) থাকলে বা চিকিৎসকের সুস্পষ্ট পরামর্শ ব্যতীত অননুমোদিত মাত্রায় ব্যবহার পরিহার করুন।,কখনো ব্যবহৃত; নবজাতকের ঝুঁকি সতর্কতা (Sometimes used; caution re: neonatal hypoglycemia),সামঞ্জস্যপূর্ণ (Compatible),চিকিৎসকের পরামর্শ অনুযায়ী পরিমিত মাত্রায় সেব্য। কোনো জটিলতা বা অ্যালার্জি দেখা দিলে অবিলম্বে ওষুধ বন্ধ করে চিকিৎসকের শরণাপন্ন হতে হবে।
133,গ্লিমেপিরাইড (Glimepiride),Glimepiride,গ্লিমেপিরাইড,,Antidiabetics (Extended),General/Regular Use,ব্যবহার/নির্দেশনা: টাইপ ২ ডায়াবেটিস (Type 2 diabetes)। ক্যাটেগরি: Antidiabetics (Extended) (General/Regular Use)। সেবন যোগ্যতা: Prescription।,অতিসংবেদনশীলতা (Allergy) থাকলে বা চিকিৎসকের সুস্পষ্ট পরামর্শ ব্যতীত অননুমোদিত মাত্রায় ব্যবহার পরিহার করুন।,সাধারণত এড়ানো হয় (Generally avoided; limited data),সীমিত তথ্য (Limited data),চিকিৎসকের পরামর্শ অনুযায়ী পরিমিত মাত্রায় সেব্য। কোনো জটিলতা বা অ্যালার্জি দেখা দিলে অবিলম্বে ওষুধ বন্ধ করে চিকিৎসকের শরণাপন্ন হতে হবে।
134,সিটাগ্লিপটিন (Sitagliptin),Sitagliptin,সিটাগ্লিপটিন,,Antidiabetics (Extended),General/Regular Use,ব্যবহার/নির্দেশনা: টাইপ ২ ডায়াবেটিস (Type 2 diabetes)। ক্যাটেগরি: Antidiabetics (Extended) (General/Regular Use)। সেবন যোগ্যতা: Prescription।,অতিসংবেদনশীলতা (Allergy) থাকলে বা চিকিৎসকের সুস্পষ্ট পরামর্শ ব্যতীত অননুমোদিত মাত্রায় ব্যবহার পরিহার করুন।,এড়ানো হয়; সীমিত তথ্য (Avoided; limited data),সীমিত তথ্য (Limited data),চিকিৎসকের পরামর্শ অনুযায়ী পরিমিত মাত্রায় সেব্য। কোনো জটিলতা বা অ্যালার্জি দেখা দিলে অবিলম্বে ওষুধ বন্ধ করে চিকিৎসকের শরণাপন্ন হতে হবে।
135,এমপাগ্লিফ্লোজিন (Empagliflozin),Empagliflozin,এমপাগ্লিফ্লোজিন,,Antidiabetics (Extended),General/Regular Use,ব্যবহার/নির্দেশনা: টাইপ ২ ডায়াবেটিস (Type 2 diabetes)। ক্যাটেগরি: Antidiabetics (Extended) (General/Regular Use)। সেবন যোগ্যতা: Prescription।,অতিসংবেদনশীলতা (Allergy) থাকলে বা চিকিৎসকের সুস্পষ্ট পরামর্শ ব্যতীত অননুমোদিত মাত্রায় ব্যবহার পরিহার করুন।,গর্ভাবস্থায় এড়ানো হয় (Avoided in pregnancy),এড়ানো হয় (Avoided; limited data),চিকিৎসকের পরামর্শ অনুযায়ী পরিমিত মাত্রায় সেব্য। কোনো জটিলতা বা অ্যালার্জি দেখা দিলে অবিলম্বে ওষুধ বন্ধ করে চিকিৎসকের শরণাপন্ন হতে হবে।
136,পাইওগ্লিটাজোন (Pioglitazone),Pioglitazone,পাইওগ্লিটাজোন,,Antidiabetics (Extended),General/Regular Use,ব্যবহার/নির্দেশনা: টাইপ ২ ডায়াবেটিস (Type 2 diabetes)। ক্যাটেগরি: Antidiabetics (Extended) (General/Regular Use)। সেবন যোগ্যতা: Prescription।,অতিসংবেদনশীলতা (Allergy) থাকলে বা চিকিৎসকের সুস্পষ্ট পরামর্শ ব্যতীত অননুমোদিত মাত্রায় ব্যবহার পরিহার করুন।,এড়ানো হয়; সীমিত তথ্য (Avoided; limited data),সীমিত তথ্য (Limited data),চিকিৎসকের পরামর্শ অনুযায়ী পরিমিত মাত্রায় সেব্য। কোনো জটিলতা বা অ্যালার্জি দেখা দিলে অবিলম্বে ওষুধ বন্ধ করে চিকিৎসকের শরণাপন্ন হতে হবে।
137,অ্যাকারবোজ (Acarbose),Acarbose,অ্যাকারবোজ,,Antidiabetics (Extended),General/Regular Use,ব্যবহার/নির্দেশনা: টাইপ ২ ডায়াবেটিস (Type 2 diabetes)। ক্যাটেগরি: Antidiabetics (Extended) (General/Regular Use)। সেবন যোগ্যতা: Prescription।,অতিসংবেদনশীলতা (Allergy) থাকলে বা চিকিৎসকের সুস্পষ্ট পরামর্শ ব্যতীত অননুমোদিত মাত্রায় ব্যবহার পরিহার করুন।,সীমিত তথ্য; সতর্কতা (Limited data; caution),সীমিত তথ্য (Limited data),চিকিৎসকের পরামর্শ অনুযায়ী পরিমিত মাত্রায় সেব্য। কোনো জটিলতা বা অ্যালার্জি দেখা দিলে অবিলম্বে ওষুধ বন্ধ করে চিকিৎসকের শরণাপন্ন হতে হবে।
138,লেভোথাইরক্সিন (Levothyroxine),Levothyroxine,লেভোথাইরক্সিন,,Thyroid,General/Regular Use,ব্যবহার/নির্দেশনা: থাইরয়েড হরমোন কম (Hypothyroidism)। ক্যাটেগরি: Thyroid (General/Regular Use)। সেবন যোগ্যতা: Prescription।,অতিসংবেদনশীলতা (Allergy) থাকলে বা চিকিৎসকের সুস্পষ্ট পরামর্শ ব্যতীত অননুমোদিত মাত্রায় ব্যবহার পরিহার করুন।,নিরাপদ ও অপরিহার্য; মাত্রা বাড়াতে হতে পারে (Safe and essential; dose often needs increasing),সামঞ্জস্যপূর্ণ (Compatible),চিকিৎসকের পরামর্শ অনুযায়ী পরিমিত মাত্রায় সেব্য। কোনো জটিলতা বা অ্যালার্জি দেখা দিলে অবিলম্বে ওষুধ বন্ধ করে চিকিৎসকের শরণাপন্ন হতে হবে।
139,কার্বিমাজল (Carbimazole),Carbimazole,কার্বিমাজল,,Thyroid,General/Regular Use,ব্যবহার/নির্দেশনা: থাইরয়েড হরমোন বেশি (Hyperthyroidism)। ক্যাটেগরি: Thyroid (General/Regular Use)। সেবন যোগ্যতা: Prescription।,অতিসংবেদনশীলতা (Allergy) থাকলে বা চিকিৎসকের সুস্পষ্ট পরামর্শ ব্যতীত অননুমোদিত মাত্রায় ব্যবহার পরিহার করুন।,সতর্কতা (প্রথম ত্রৈমাসিকে টেরাটোজেনিক) (Caution (teratogenic 1st trimester - aplasia cutis)),কম-মাঝারি মাত্রায় পর্যবেক্ষণসহ সামঞ্জস্যপূর্ণ (Compatible at low-moderate dose with monitoring),চিকিৎসকের পরামর্শ অনুযায়ী পরিমিত মাত্রায় সেব্য। কোনো জটিলতা বা অ্যালার্জি দেখা দিলে অবিলম্বে ওষুধ বন্ধ করে চিকিৎসকের শরণাপন্ন হতে হবে।
140,প্রোপাইলথায়োইউরাসিল (Propylthiouracil),Propylthiouracil,প্রোপাইলথায়োইউরাসিল,,Thyroid,General/Regular Use,ব্যবহার/নির্দেশনা: থাইরয়েড হরমোন বেশি (Hyperthyroidism)। ক্যাটেগরি: Thyroid (General/Regular Use)। সেবন যোগ্যতা: Prescription।,অতিসংবেদনশীলতা (Allergy) থাকলে বা চিকিৎসকের সুস্পষ্ট পরামর্শ ব্যতীত অননুমোদিত মাত্রায় ব্যবহার পরিহার করুন।,প্রথম ত্রৈমাসিকে পছন্দনীয়; যকৃতের ঝুঁকি (Preferred over carbimazole in 1st trimester; hepatotoxicity risk),সামঞ্জস্যপূর্ণ (Compatible),চিকিৎসকের পরামর্শ অনুযায়ী পরিমিত মাত্রায় সেব্য। কোনো জটিলতা বা অ্যালার্জি দেখা দিলে অবিলম্বে ওষুধ বন্ধ করে চিকিৎসকের শরণাপন্ন হতে হবে।
141,প্রেডনিসোলন (Prednisolone),Prednisolone,প্রেডনিসোলন,,Corticosteroids (Systemic),General/Regular Use,"ব্যবহার/নির্দেশনা: প্রদাহ, অটোইমিউন রোগ (Inflammation, autoimmune conditions)। ক্যাটেগরি: Corticosteroids (Systemic) (General/Regular Use)। সেবন যোগ্যতা: Prescription।",অতিসংবেদনশীলতা (Allergy) থাকলে বা চিকিৎসকের সুস্পষ্ট পরামর্শ ব্যতীত অননুমোদিত মাত্রায় ব্যবহার পরিহার করুন।,স্বল্পমেয়াদে সাধারণত নিরাপদ (Generally safe short-term),সামঞ্জস্যপূর্ণ (Compatible),চিকিৎসকের পরামর্শ অনুযায়ী পরিমিত মাত্রায় সেব্য। কোনো জটিলতা বা অ্যালার্জি দেখা দিলে অবিলম্বে ওষুধ বন্ধ করে চিকিৎসকের শরণাপন্ন হতে হবে।
142,ডেক্সামেথাসোন (Dexamethasone),Dexamethasone,ডেক্সামেথাসোন,,Corticosteroids (Systemic),General/Regular Use,ব্যবহার/নির্দেশনা: প্রদাহ; ভ্রূণের ফুসফুস পরিপক্কতা (Inflammation; fetal lung maturity)। ক্যাটেগরি: Corticosteroids (Systemic) (General/Regular Use)। সেবন যোগ্যতা: Prescription।,অতিসংবেদনশীলতা (Allergy) থাকলে বা চিকিৎসকের সুস্পষ্ট পরামর্শ ব্যতীত অননুমোদিত মাত্রায় ব্যবহার পরিহার করুন।,ভ্রূণের ফুসফুস পরিপক্কতায় ব্যবহৃত (Used for fetal lung maturity; caution long-term),সামঞ্জস্যপূর্ণ (Compatible),চিকিৎসকের পরামর্শ অনুযায়ী পরিমিত মাত্রায় সেব্য। কোনো জটিলতা বা অ্যালার্জি দেখা দিলে অবিলম্বে ওষুধ বন্ধ করে চিকিৎসকের শরণাপন্ন হতে হবে।
143,বিটামেথাসোন (Betamethasone),Betamethasone,বিটামেথাসোন,,Corticosteroids (Systemic),General/Regular Use,ব্যবহার/নির্দেশনা: প্রদাহ; ভ্রূণের ফুসফুস পরিপক্কতা (Inflammation; fetal lung maturity)। ক্যাটেগরি: Corticosteroids (Systemic) (General/Regular Use)। সেবন যোগ্যতা: Prescription।,অতিসংবেদনশীলতা (Allergy) থাকলে বা চিকিৎসকের সুস্পষ্ট পরামর্শ ব্যতীত অননুমোদিত মাত্রায় ব্যবহার পরিহার করুন।,ভ্রূণের ফুসফুস পরিপক্কতায় ব্যবহৃত (Used for fetal lung maturity),সামঞ্জস্যপূর্ণ (Compatible),চিকিৎসকের পরামর্শ অনুযায়ী পরিমিত মাত্রায় সেব্য। কোনো জটিলতা বা অ্যালার্জি দেখা দিলে অবিলম্বে ওষুধ বন্ধ করে চিকিৎসকের শরণাপন্ন হতে হবে।
144,হাইড্রোকর্টিসোন (Hydrocortisone (systemic)),Hydrocortisone (systemic),হাইড্রোকর্টিসোন,,Corticosteroids (Systemic),General/Regular Use,"ব্যবহার/নির্দেশনা: প্রদাহ (Inflammation, adrenal insufficiency)। ক্যাটেগরি: Corticosteroids (Systemic) (General/Regular Use)। সেবন যোগ্যতা: Prescription।",অতিসংবেদনশীলতা (Allergy) থাকলে বা চিকিৎসকের সুস্পষ্ট পরামর্শ ব্যতীত অননুমোদিত মাত্রায় ব্যবহার পরিহার করুন।,স্বল্পমেয়াদে নিরাপদ (Safe short-term),সামঞ্জস্যপূর্ণ (Compatible),চিকিৎসকের পরামর্শ অনুযায়ী পরিমিত মাত্রায় সেব্য। কোনো জটিলতা বা অ্যালার্জি দেখা দিলে অবিলম্বে ওষুধ বন্ধ করে চিকিৎসকের শরণাপন্ন হতে হবে।
145,মিথাইলপ্রেডনিসোলন (Methylprednisolone),Methylprednisolone,মিথাইলপ্রেডনিসোলন,,Corticosteroids (Systemic),General/Regular Use,"ব্যবহার/নির্দেশনা: প্রদাহ (Inflammation, autoimmune conditions)। ক্যাটেগরি: Corticosteroids (Systemic) (General/Regular Use)। সেবন যোগ্যতা: Prescription।",অতিসংবেদনশীলতা (Allergy) থাকলে বা চিকিৎসকের সুস্পষ্ট পরামর্শ ব্যতীত অননুমোদিত মাত্রায় ব্যবহার পরিহার করুন।,স্বল্পমেয়াদে সাধারণত নিরাপদ (Generally safe short-term),সামঞ্জস্যপূর্ণ (Compatible),চিকিৎসকের পরামর্শ অনুযায়ী পরিমিত মাত্রায় সেব্য। কোনো জটিলতা বা অ্যালার্জি দেখা দিলে অবিলম্বে ওষুধ বন্ধ করে চিকিৎসকের শরণাপন্ন হতে হবে।
146,ট্রায়ামসিনোলন (Triamcinolone),Triamcinolone,ট্রায়ামসিনোলন,,Corticosteroids (Systemic),General/Regular Use,ব্যবহার/নির্দেশনা: প্রদাহ (Inflammation)। ক্যাটেগরি: Corticosteroids (Systemic) (General/Regular Use)। সেবন যোগ্যতা: Prescription।,অতিসংবেদনশীলতা (Allergy) থাকলে বা চিকিৎসকের সুস্পষ্ট পরামর্শ ব্যতীত অননুমোদিত মাত্রায় ব্যবহার পরিহার করুন।,স্বল্পমেয়াদে সাধারণত নিরাপদ (Generally safe short-term),সামঞ্জস্যপূর্ণ (Compatible),চিকিৎসকের পরামর্শ অনুযায়ী পরিমিত মাত্রায় সেব্য। কোনো জটিলতা বা অ্যালার্জি দেখা দিলে অবিলম্বে ওষুধ বন্ধ করে চিকিৎসকের শরণাপন্ন হতে হবে।
147,সালবিউটামল (Salbutamol),Salbutamol,সালবিউটামল,,Respiratory/Asthma,General/Regular Use,ব্যবহার/নির্দেশনা: হাঁপানি (Asthma)। ক্যাটেগরি: Respiratory/Asthma (General/Regular Use)। সেবন যোগ্যতা: Prescription।,অতিসংবেদনশীলতা (Allergy) থাকলে বা চিকিৎসকের সুস্পষ্ট পরামর্শ ব্যতীত অননুমোদিত মাত্রায় ব্যবহার পরিহার করুন।,নিরাপদ; গর্ভাবস্থায় হাঁপানির প্রথম সারির ওষুধ (Safe; first-line for asthma in pregnancy),সামঞ্জস্যপূর্ণ (Compatible),চিকিৎসকের পরামর্শ অনুযায়ী পরিমিত মাত্রায় সেব্য। কোনো জটিলতা বা অ্যালার্জি দেখা দিলে অবিলম্বে ওষুধ বন্ধ করে চিকিৎসকের শরণাপন্ন হতে হবে।
148,বুডেসোনাইড (ইনহেলার) (Budesonide (inhaled)),Budesonide (inhaled),বুডেসোনাইড (ইনহেলার),,Respiratory/Asthma,General/Regular Use,ব্যবহার/নির্দেশনা: হাঁপানি (Asthma)। ক্যাটেগরি: Respiratory/Asthma (General/Regular Use)। সেবন যোগ্যতা: Prescription।,অতিসংবেদনশীলতা (Allergy) থাকলে বা চিকিৎসকের সুস্পষ্ট পরামর্শ ব্যতীত অননুমোদিত মাত্রায় ব্যবহার পরিহার করুন।,নিরাপদ; পছন্দনীয় ইনহেলড স্টেরয়েড (Safe; preferred inhaled steroid),সামঞ্জস্যপূর্ণ (Compatible),চিকিৎসকের পরামর্শ অনুযায়ী পরিমিত মাত্রায় সেব্য। কোনো জটিলতা বা অ্যালার্জি দেখা দিলে অবিলম্বে ওষুধ বন্ধ করে চিকিৎসকের শরণাপন্ন হতে হবে।
149,মন্টেলুকাস্ট (Montelukast),Montelukast,মন্টেলুকাস্ট,,Respiratory/Asthma,General/Regular Use,"ব্যবহার/নির্দেশনা: হাঁপানি, এলার্জি (Asthma, allergy)। ক্যাটেগরি: Respiratory/Asthma (General/Regular Use)। সেবন যোগ্যতা: Prescription।",অতিসংবেদনশীলতা (Allergy) থাকলে বা চিকিৎসকের সুস্পষ্ট পরামর্শ ব্যতীত অননুমোদিত মাত্রায় ব্যবহার পরিহার করুন।,সাধারণত নিরাপদ বিবেচিত (Generally considered safe),সামঞ্জস্যপূর্ণ (Compatible),চিকিৎসকের পরামর্শ অনুযায়ী পরিমিত মাত্রায় সেব্য। কোনো জটিলতা বা অ্যালার্জি দেখা দিলে অবিলম্বে ওষুধ বন্ধ করে চিকিৎসকের শরণাপন্ন হতে হবে।
150,থিওফাইলিন (Theophylline),Theophylline,থিওফাইলিন,,Respiratory/Asthma,General/Regular Use,"ব্যবহার/নির্দেশনা: হাঁপানি (Asthma, COPD)। ক্যাটেগরি: Respiratory/Asthma (General/Regular Use)। সেবন যোগ্যতা: Prescription।",অতিসংবেদনশীলতা (Allergy) থাকলে বা চিকিৎসকের সুস্পষ্ট পরামর্শ ব্যতীত অননুমোদিত মাত্রায় ব্যবহার পরিহার করুন।,সতর্কতা; সংকীর্ণ থেরাপিউটিক সীমা (Caution; narrow therapeutic index),সামঞ্জস্যপূর্ণ; শিশু পর্যবেক্ষণ (Compatible; monitor infant),চিকিৎসকের পরামর্শ অনুযায়ী পরিমিত মাত্রায় সেব্য। কোনো জটিলতা বা অ্যালার্জি দেখা দিলে অবিলম্বে ওষুধ বন্ধ করে চিকিৎসকের শরণাপন্ন হতে হবে।
151,ইপ্রাট্রোপিয়াম (Ipratropium),Ipratropium,ইপ্রাট্রোপিয়াম,,Respiratory/Asthma,General/Regular Use,"ব্যবহার/নির্দেশনা: হাঁপানি (Asthma, COPD)। ক্যাটেগরি: Respiratory/Asthma (General/Regular Use)। সেবন যোগ্যতা: Prescription।",অতিসংবেদনশীলতা (Allergy) থাকলে বা চিকিৎসকের সুস্পষ্ট পরামর্শ ব্যতীত অননুমোদিত মাত্রায় ব্যবহার পরিহার করুন।,সাধারণত নিরাপদ (Generally safe),সামঞ্জস্যপূর্ণ (Compatible),চিকিৎসকের পরামর্শ অনুযায়ী পরিমিত মাত্রায় সেব্য। কোনো জটিলতা বা অ্যালার্জি দেখা দিলে অবিলম্বে ওষুধ বন্ধ করে চিকিৎসকের শরণাপন্ন হতে হবে।
152,ফরমোটেরল (Formoterol),Formoterol,ফরমোটেরল,,Respiratory/Asthma,General/Regular Use,"ব্যবহার/নির্দেশনা: হাঁপানি (Asthma, COPD)। ক্যাটেগরি: Respiratory/Asthma (General/Regular Use)। সেবন যোগ্যতা: Prescription।",অতিসংবেদনশীলতা (Allergy) থাকলে বা চিকিৎসকের সুস্পষ্ট পরামর্শ ব্যতীত অননুমোদিত মাত্রায় ব্যবহার পরিহার করুন।,সীমিত তথ্য; সতর্কতার সাথে ব্যবহার (Limited data; cautious use),সীমিত তথ্য (Limited data),চিকিৎসকের পরামর্শ অনুযায়ী পরিমিত মাত্রায় সেব্য। কোনো জটিলতা বা অ্যালার্জি দেখা দিলে অবিলম্বে ওষুধ বন্ধ করে চিকিৎসকের শরণাপন্ন হতে হবে।
153,ফ্লুটিকাসোন (ইনহেলার) (Fluticasone (inhaled)),Fluticasone (inhaled),ফ্লুটিকাসোন (ইনহেলার),,Respiratory/Asthma,General/Regular Use,ব্যবহার/নির্দেশনা: হাঁপানি (Asthma)। ক্যাটেগরি: Respiratory/Asthma (General/Regular Use)। সেবন যোগ্যতা: Prescription।,অতিসংবেদনশীলতা (Allergy) থাকলে বা চিকিৎসকের সুস্পষ্ট পরামর্শ ব্যতীত অননুমোদিত মাত্রায় ব্যবহার পরিহার করুন।,সাধারণত নিরাপদ (Generally safe),সামঞ্জস্যপূর্ণ (Compatible),চিকিৎসকের পরামর্শ অনুযায়ী পরিমিত মাত্রায় সেব্য। কোনো জটিলতা বা অ্যালার্জি দেখা দিলে অবিলম্বে ওষুধ বন্ধ করে চিকিৎসকের শরণাপন্ন হতে হবে।
154,বেক্লোমেথাসোন (ইনহেলার) (Beclomethasone (inhaled)),Beclomethasone (inhaled),বেক্লোমেথাসোন (ইনহেলার),,Respiratory/Asthma,General/Regular Use,ব্যবহার/নির্দেশনা: হাঁপানি (Asthma)। ক্যাটেগরি: Respiratory/Asthma (General/Regular Use)। সেবন যোগ্যতা: Prescription।,অতিসংবেদনশীলতা (Allergy) থাকলে বা চিকিৎসকের সুস্পষ্ট পরামর্শ ব্যতীত অননুমোদিত মাত্রায় ব্যবহার পরিহার করুন।,সাধারণত নিরাপদ (Generally safe),সামঞ্জস্যপূর্ণ (Compatible),চিকিৎসকের পরামর্শ অনুযায়ী পরিমিত মাত্রায় সেব্য। কোনো জটিলতা বা অ্যালার্জি দেখা দিলে অবিলম্বে ওষুধ বন্ধ করে চিকিৎসকের শরণাপন্ন হতে হবে।
155,টারবিউটালিন (Terbutaline),Terbutaline,টারবিউটালিন,,Respiratory/Asthma,General/Regular Use,ব্যবহার/নির্দেশনা: হাঁপানি (Asthma)। ক্যাটেগরি: Respiratory/Asthma (General/Regular Use)। সেবন যোগ্যতা: Prescription।,অতিসংবেদনশীলতা (Allergy) থাকলে বা চিকিৎসকের সুস্পষ্ট পরামর্শ ব্যতীত অননুমোদিত মাত্রায় ব্যবহার পরিহার করুন।,সতর্কতার সাথে ব্যবহৃত (Used with caution (also used as tocolytic)),সামঞ্জস্যপূর্ণ (Compatible),চিকিৎসকের পরামর্শ অনুযায়ী পরিমিত মাত্রায় সেব্য। কোনো জটিলতা বা অ্যালার্জি দেখা দিলে অবিলম্বে ওষুধ বন্ধ করে চিকিৎসকের শরণাপন্ন হতে হবে।
156,ফেক্সোফেনাডিন (Fexofenadine),Fexofenadine,ফেক্সোফেনাডিন,,Antihistamines (Extended),General/Regular Use,ব্যবহার/নির্দেশনা: এলার্জি (Allergy)। ক্যাটেগরি: Antihistamines (Extended) (General/Regular Use)। সেবন যোগ্যতা: OTC।,অতিসংবেদনশীলতা (Allergy) থাকলে বা চিকিৎসকের সুস্পষ্ট পরামর্শ ব্যতীত অননুমোদিত মাত্রায় ব্যবহার পরিহার করুন।,সীমিত তথ্য; দ্বিতীয় প্রজন্মের বিকল্প (Limited data; second-gen alternative),সামঞ্জস্যপূর্ণ (Compatible),চিকিৎসকের পরামর্শ অনুযায়ী পরিমিত মাত্রায় সেব্য। কোনো জটিলতা বা অ্যালার্জি দেখা দিলে অবিলম্বে ওষুধ বন্ধ করে চিকিৎসকের শরণাপন্ন হতে হবে।
157,ডেসলোরাটাডিন (Desloratadine),Desloratadine,ডেসলোরাটাডিন,,Antihistamines (Extended),General/Regular Use,ব্যবহার/নির্দেশনা: এলার্জি (Allergy)। ক্যাটেগরি: Antihistamines (Extended) (General/Regular Use)। সেবন যোগ্যতা: OTC।,অতিসংবেদনশীলতা (Allergy) থাকলে বা চিকিৎসকের সুস্পষ্ট পরামর্শ ব্যতীত অননুমোদিত মাত্রায় ব্যবহার পরিহার করুন।,সীমিত তথ্য; সাধারণত ভালো (Limited data; generally reassuring),সামঞ্জস্যপূর্ণ (Compatible),চিকিৎসকের পরামর্শ অনুযায়ী পরিমিত মাত্রায় সেব্য। কোনো জটিলতা বা অ্যালার্জি দেখা দিলে অবিলম্বে ওষুধ বন্ধ করে চিকিৎসকের শরণাপন্ন হতে হবে।
158,হাইড্রক্সিজিন (Hydroxyzine),Hydroxyzine,হাইড্রক্সিজিন,,Antihistamines (Extended),General/Regular Use,"ব্যবহার/নির্দেশনা: এলার্জি, উদ্বেগ (Allergy, anxiety)। ক্যাটেগরি: Antihistamines (Extended) (General/Regular Use)। সেবন যোগ্যতা: Prescription।",অতিসংবেদনশীলতা (Allergy) থাকলে বা চিকিৎসকের সুস্পষ্ট পরামর্শ ব্যতীত অননুমোদিত মাত্রায় ব্যবহার পরিহার করুন।,সতর্কতা; ঘুম আনার প্রভাব (Caution; sedating antihistamine),সতর্কতা - ঘুম ঘুম ভাব (Caution - sedating),চিকিৎসকের পরামর্শ অনুযায়ী পরিমিত মাত্রায় সেব্য। কোনো জটিলতা বা অ্যালার্জি দেখা দিলে অবিলম্বে ওষুধ বন্ধ করে চিকিৎসকের শরণাপন্ন হতে হবে।
159,মেক্লিজিন (Meclizine),Meclizine,মেক্লিজিন,,Antihistamines (Extended),General/Regular Use,"ব্যবহার/নির্দেশনা: মোশন সিকনেস, মাথা ঘোরা (Motion sickness, vertigo)। ক্যাটেগরি: Antihistamines (Extended) (General/Regular Use)। সেবন যোগ্যতা: OTC।",অতিসংবেদনশীলতা (Allergy) থাকলে বা চিকিৎসকের সুস্পষ্ট পরামর্শ ব্যতীত অননুমোদিত মাত্রায় ব্যবহার পরিহার করুন।,সাধারণত নিরাপদ বিবেচিত (Generally considered safe),সতর্কতা - ঘুম ঘুম ভাব (Caution - sedating),চিকিৎসকের পরামর্শ অনুযায়ী পরিমিত মাত্রায় সেব্য। কোনো জটিলতা বা অ্যালার্জি দেখা দিলে অবিলম্বে ওষুধ বন্ধ করে চিকিৎসকের শরণাপন্ন হতে হবে।
160,ফিনাইলএফ্রিন (Phenylephrine),Phenylephrine,ফিনাইলএফ্রিন,,Common Cold/Flu (Extended),General/Regular Use,ব্যবহার/নির্দেশনা: নাক বন্ধ হওয়া (Nasal congestion)। ক্যাটেগরি: Common Cold/Flu (Extended) (General/Regular Use)। সেবন যোগ্যতা: OTC।,অতিসংবেদনশীলতা (Allergy) থাকলে বা চিকিৎসকের সুস্পষ্ট পরামর্শ ব্যতীত অননুমোদিত মাত্রায় ব্যবহার পরিহার করুন।,সতর্কতা; সীমিত তথ্য (Caution; limited data on efficacy/safety),সীমিত তথ্য (Limited data),চিকিৎসকের পরামর্শ অনুযায়ী পরিমিত মাত্রায় সেব্য। কোনো জটিলতা বা অ্যালার্জি দেখা দিলে অবিলম্বে ওষুধ বন্ধ করে চিকিৎসকের শরণাপন্ন হতে হবে।
161,ব্রমহেক্সিন (Bromhexine),Bromhexine,ব্রমহেক্সিন,,Common Cold/Flu (Extended),General/Regular Use,ব্যবহার/নির্দেশনা: কাশি (Cough (mucolytic))। ক্যাটেগরি: Common Cold/Flu (Extended) (General/Regular Use)। সেবন যোগ্যতা: OTC।,অতিসংবেদনশীলতা (Allergy) থাকলে বা চিকিৎসকের সুস্পষ্ট পরামর্শ ব্যতীত অননুমোদিত মাত্রায় ব্যবহার পরিহার করুন।,সীমিত তথ্য; সাধারণত কম ঝুঁকি (Limited data; generally low risk),সীমিত তথ্য (Limited data),চিকিৎসকের পরামর্শ অনুযায়ী পরিমিত মাত্রায় সেব্য। কোনো জটিলতা বা অ্যালার্জি দেখা দিলে অবিলম্বে ওষুধ বন্ধ করে চিকিৎসকের শরণাপন্ন হতে হবে।
162,অ্যামব্রক্সল (Ambroxol),Ambroxol,অ্যামব্রক্সল,,Common Cold/Flu (Extended),General/Regular Use,ব্যবহার/নির্দেশনা: কাশি (Cough (mucolytic))। ক্যাটেগরি: Common Cold/Flu (Extended) (General/Regular Use)। সেবন যোগ্যতা: OTC।,অতিসংবেদনশীলতা (Allergy) থাকলে বা চিকিৎসকের সুস্পষ্ট পরামর্শ ব্যতীত অননুমোদিত মাত্রায় ব্যবহার পরিহার করুন।,সীমিত তথ্য; সাধারণত কম ঝুঁকি (Limited data; generally low risk),সীমিত তথ্য (Limited data),চিকিৎসকের পরামর্শ অনুযায়ী পরিমিত মাত্রায় সেব্য। কোনো জটিলতা বা অ্যালার্জি দেখা দিলে অবিলম্বে ওষুধ বন্ধ করে চিকিৎসকের শরণাপন্ন হতে হবে।
163,র‍্যানিটিডিন (Ranitidine),Ranitidine,র‍্যানিটিডিন,,GI/Other (Extended),General/Regular Use,ব্যবহার/নির্দেশনা: এসিড রিফ্লাক্স (Acid reflux)। ক্যাটেগরি: GI/Other (Extended) (General/Regular Use)। সেবন যোগ্যতা: Prescription।,অতিসংবেদনশীলতা (Allergy) থাকলে বা চিকিৎসকের সুস্পষ্ট পরামর্শ ব্যতীত অননুমোদিত মাত্রায় ব্যবহার পরিহার করুন।,দ্রষ্টব্য: ২০২০ সাল থেকে অনেক বাজারে প্রত্যাহার করা হয়েছে - বর্তমান স্থানীয় প্রাপ্যতা যাচাই করুন (NOTE: withdrawn in many markets since 2020 (NDMA contamination) - verify current local availability/status),যেখানে এখনও পাওয়া যায় সেখানে ঐতিহাসিকভাবে সামঞ্জস্যপূর্ণ বিবেচিত (Historically considered compatible where still available),চিকিৎসকের পরামর্শ অনুযায়ী পরিমিত মাত্রায় সেব্য। কোনো জটিলতা বা অ্যালার্জি দেখা দিলে অবিলম্বে ওষুধ বন্ধ করে চিকিৎসকের শরণাপন্ন হতে হবে।
164,প্যান্টোপ্রাজল (Pantoprazole),Pantoprazole,প্যান্টোপ্রাজল,,GI/Other (Extended),General/Regular Use,"ব্যবহার/নির্দেশনা: এসিড রিফ্লাক্স, আলসার (Acid reflux, ulcers)। ক্যাটেগরি: GI/Other (Extended) (General/Regular Use)। সেবন যোগ্যতা: Prescription।",অতিসংবেদনশীলতা (Allergy) থাকলে বা চিকিৎসকের সুস্পষ্ট পরামর্শ ব্যতীত অননুমোদিত মাত্রায় ব্যবহার পরিহার করুন।,নিরাপদ বলে বিবেচিত (Considered safe),সামঞ্জস্যপূর্ণ (Compatible),চিকিৎসকের পরামর্শ অনুযায়ী পরিমিত মাত্রায় সেব্য। কোনো জটিলতা বা অ্যালার্জি দেখা দিলে অবিলম্বে ওষুধ বন্ধ করে চিকিৎসকের শরণাপন্ন হতে হবে।
165,এসোমিপ্রাজল (Esomeprazole),Esomeprazole,এসোমিপ্রাজল,,GI/Other (Extended),General/Regular Use,"ব্যবহার/নির্দেশনা: এসিড রিফ্লাক্স, আলসার (Acid reflux, ulcers)। ক্যাটেগরি: GI/Other (Extended) (General/Regular Use)। সেবন যোগ্যতা: Prescription।",অতিসংবেদনশীলতা (Allergy) থাকলে বা চিকিৎসকের সুস্পষ্ট পরামর্শ ব্যতীত অননুমোদিত মাত্রায় ব্যবহার পরিহার করুন।,নিরাপদ বলে বিবেচিত (Considered safe),সামঞ্জস্যপূর্ণ (Compatible),চিকিৎসকের পরামর্শ অনুযায়ী পরিমিত মাত্রায় সেব্য। কোনো জটিলতা বা অ্যালার্জি দেখা দিলে অবিলম্বে ওষুধ বন্ধ করে চিকিৎসকের শরণাপন্ন হতে হবে।
166,অ্যালুমিনিয়াম হাইড্রক্সাইড (Aluminum hydroxide),Aluminum hydroxide,অ্যালুমিনিয়াম হাইড্রক্সাইড,,GI/Other (Extended),General/Regular Use,ব্যবহার/নির্দেশনা: অ্যান্টাসিড (Antacid)। ক্যাটেগরি: GI/Other (Extended) (General/Regular Use)। সেবন যোগ্যতা: OTC।,অতিসংবেদনশীলতা (Allergy) থাকলে বা চিকিৎসকের সুস্পষ্ট পরামর্শ ব্যতীত অননুমোদিত মাত্রায় ব্যবহার পরিহার করুন।,নিরাপদ (Safe),নিরাপদ (Safe),চিকিৎসকের পরামর্শ অনুযায়ী পরিমিত মাত্রায় সেব্য। কোনো জটিলতা বা অ্যালার্জি দেখা দিলে অবিলম্বে ওষুধ বন্ধ করে চিকিৎসকের শরণাপন্ন হতে হবে।
167,ম্যাগনেসিয়াম হাইড্রক্সাইড (Magnesium hydroxide),Magnesium hydroxide,ম্যাগনেসিয়াম হাইড্রক্সাইড,,GI/Other (Extended),General/Regular Use,"ব্যবহার/নির্দেশনা: অ্যান্টাসিড, ল্যাক্সেটিভ (Antacid, laxative)। ক্যাটেগরি: GI/Other (Extended) (General/Regular Use)। সেবন যোগ্যতা: OTC।",অতিসংবেদনশীলতা (Allergy) থাকলে বা চিকিৎসকের সুস্পষ্ট পরামর্শ ব্যতীত অননুমোদিত মাত্রায় ব্যবহার পরিহার করুন।,নিরাপদ (Safe),নিরাপদ (Safe),চিকিৎসকের পরামর্শ অনুযায়ী পরিমিত মাত্রায় সেব্য। কোনো জটিলতা বা অ্যালার্জি দেখা দিলে অবিলম্বে ওষুধ বন্ধ করে চিকিৎসকের শরণাপন্ন হতে হবে।
168,ল্যাকটুলোজ (Lactulose),Lactulose,ল্যাকটুলোজ,,GI/Other (Extended),General/Regular Use,ব্যবহার/নির্দেশনা: কোষ্ঠকাঠিন্য (Constipation)। ক্যাটেগরি: GI/Other (Extended) (General/Regular Use)। সেবন যোগ্যতা: OTC।,অতিসংবেদনশীলতা (Allergy) থাকলে বা চিকিৎসকের সুস্পষ্ট পরামর্শ ব্যতীত অননুমোদিত মাত্রায় ব্যবহার পরিহার করুন।,নিরাপদ (Safe),নিরাপদ (Safe),চিকিৎসকের পরামর্শ অনুযায়ী পরিমিত মাত্রায় সেব্য। কোনো জটিলতা বা অ্যালার্জি দেখা দিলে অবিলম্বে ওষুধ বন্ধ করে চিকিৎসকের শরণাপন্ন হতে হবে।
169,বিসাকোডিল (Bisacodyl),Bisacodyl,বিসাকোডিল,,GI/Other (Extended),General/Regular Use,ব্যবহার/নির্দেশনা: কোষ্ঠকাঠিন্য (Constipation)। ক্যাটেগরি: GI/Other (Extended) (General/Regular Use)। সেবন যোগ্যতা: OTC।,অতিসংবেদনশীলতা (Allergy) থাকলে বা চিকিৎসকের সুস্পষ্ট পরামর্শ ব্যতীত অননুমোদিত মাত্রায় ব্যবহার পরিহার করুন।,স্বল্পমেয়াদে সাধারণত নিরাপদ (Generally safe short-term),নিরাপদ (Safe),চিকিৎসকের পরামর্শ অনুযায়ী পরিমিত মাত্রায় সেব্য। কোনো জটিলতা বা অ্যালার্জি দেখা দিলে অবিলম্বে ওষুধ বন্ধ করে চিকিৎসকের শরণাপন্ন হতে হবে।
170,সুক্রালফেট (Sucralfate),Sucralfate,সুক্রালফেট,,GI/Other (Extended),General/Regular Use,ব্যবহার/নির্দেশনা: আলসার (Ulcers)। ক্যাটেগরি: GI/Other (Extended) (General/Regular Use)। সেবন যোগ্যতা: Prescription।,অতিসংবেদনশীলতা (Allergy) থাকলে বা চিকিৎসকের সুস্পষ্ট পরামর্শ ব্যতীত অননুমোদিত মাত্রায় ব্যবহার পরিহার করুন।,নিরাপদ বলে বিবেচিত (ন্যূনতম শোষণ) (Considered safe (minimal absorption)),সামঞ্জস্যপূর্ণ (Compatible),চিকিৎসকের পরামর্শ অনুযায়ী পরিমিত মাত্রায় সেব্য। কোনো জটিলতা বা অ্যালার্জি দেখা দিলে অবিলম্বে ওষুধ বন্ধ করে চিকিৎসকের শরণাপন্ন হতে হবে।
171,ডাইসাইক্লোমিন (Dicyclomine),Dicyclomine,ডাইসাইক্লোমিন,,GI/Other (Extended),General/Regular Use,ব্যবহার/নির্দেশনা: পেটে খিঁচুনি (Abdominal cramps)। ক্যাটেগরি: GI/Other (Extended) (General/Regular Use)। সেবন যোগ্যতা: Prescription।,অতিসংবেদনশীলতা (Allergy) থাকলে বা চিকিৎসকের সুস্পষ্ট পরামর্শ ব্যতীত অননুমোদিত মাত্রায় ব্যবহার পরিহার করুন।,সীমিত তথ্য; সতর্কতা (Limited data; caution),সীমিত তথ্য (Limited data),চিকিৎসকের পরামর্শ অনুযায়ী পরিমিত মাত্রায় সেব্য। কোনো জটিলতা বা অ্যালার্জি দেখা দিলে অবিলম্বে ওষুধ বন্ধ করে চিকিৎসকের শরণাপন্ন হতে হবে।
172,সারট্রালিন (Sertraline),Sertraline,সারট্রালিন,,Psychiatric - Antidepressants,General/Regular Use,"ব্যবহার/নির্দেশনা: বিষণ্নতা, উদ্বেগ (Depression, anxiety)। ক্যাটেগরি: Psychiatric - Antidepressants (General/Regular Use)। সেবন যোগ্যতা: Prescription।",অতিসংবেদনশীলতা (Allergy) থাকলে বা চিকিৎসকের সুস্পষ্ট পরামর্শ ব্যতীত অননুমোদিত মাত্রায় ব্যবহার পরিহার করুন।,গর্ভাবস্থা/স্তন্যদানে পছন্দনীয় এসএসআরআই (Preferred SSRI in pregnancy/breastfeeding),সামঞ্জস্যপূর্ণ; পছন্দনীয় (Compatible; preferred choice),চিকিৎসকের পরামর্শ অনুযায়ী পরিমিত মাত্রায় সেব্য। কোনো জটিলতা বা অ্যালার্জি দেখা দিলে অবিলম্বে ওষুধ বন্ধ করে চিকিৎসকের শরণাপন্ন হতে হবে।
173,ফ্লুওক্সেটিন (Fluoxetine),Fluoxetine,ফ্লুওক্সেটিন,,Psychiatric - Antidepressants,General/Regular Use,ব্যবহার/নির্দেশনা: বিষণ্নতা (Depression)। ক্যাটেগরি: Psychiatric - Antidepressants (General/Regular Use)। সেবন যোগ্যতা: Prescription।,অতিসংবেদনশীলতা (Allergy) থাকলে বা চিকিৎসকের সুস্পষ্ট পরামর্শ ব্যতীত অননুমোদিত মাত্রায় ব্যবহার পরিহার করুন।,ব্যবহৃত তবে দীর্ঘ অর্ধায়ু (Used but longer half-life; some neonatal adaptation syndrome),সামঞ্জস্যপূর্ণ; শিশু পর্যবেক্ষণ (Compatible; monitor infant),চিকিৎসকের পরামর্শ অনুযায়ী পরিমিত মাত্রায় সেব্য। কোনো জটিলতা বা অ্যালার্জি দেখা দিলে অবিলম্বে ওষুধ বন্ধ করে চিকিৎসকের শরণাপন্ন হতে হবে।
174,অ্যামিট্রিপটাইলিন (Amitriptyline),Amitriptyline,অ্যামিট্রিপটাইলিন,,Psychiatric - Antidepressants,General/Regular Use,"ব্যবহার/নির্দেশনা: বিষণ্নতা, স্নায়ু ব্যথা (Depression, nerve pain)। ক্যাটেগরি: Psychiatric - Antidepressants (General/Regular Use)। সেবন যোগ্যতা: Prescription।",অতিসংবেদনশীলতা (Allergy) থাকলে বা চিকিৎসকের সুস্পষ্ট পরামর্শ ব্যতীত অননুমোদিত মাত্রায় ব্যবহার পরিহার করুন।,"সতর্কতার সাথে ব্যবহৃত (Used with caution, older TCA)",সামঞ্জস্যপূর্ণ; শিশু পর্যবেক্ষণ (Compatible; monitor infant),চিকিৎসকের পরামর্শ অনুযায়ী পরিমিত মাত্রায় সেব্য। কোনো জটিলতা বা অ্যালার্জি দেখা দিলে অবিলম্বে ওষুধ বন্ধ করে চিকিৎসকের শরণাপন্ন হতে হবে।
175,এসসিটালোপ্রাম (Escitalopram),Escitalopram,এসসিটালোপ্রাম,,Psychiatric - Antidepressants,General/Regular Use,"ব্যবহার/নির্দেশনা: বিষণ্নতা, উদ্বেগ (Depression, anxiety)। ক্যাটেগরি: Psychiatric - Antidepressants (General/Regular Use)। সেবন যোগ্যতা: Prescription।",অতিসংবেদনশীলতা (Allergy) থাকলে বা চিকিৎসকের সুস্পষ্ট পরামর্শ ব্যতীত অননুমোদিত মাত্রায় ব্যবহার পরিহার করুন।,সারট্রালিনের মতো; সাধারণত ব্যবহৃত (Similar to sertraline; generally used),সামঞ্জস্যপূর্ণ (Compatible),চিকিৎসকের পরামর্শ অনুযায়ী পরিমিত মাত্রায় সেব্য। কোনো জটিলতা বা অ্যালার্জি দেখা দিলে অবিলম্বে ওষুধ বন্ধ করে চিকিৎসকের শরণাপন্ন হতে হবে।
176,ভেনলাফ্যাক্সিন (Venlafaxine),Venlafaxine,ভেনলাফ্যাক্সিন,,Psychiatric - Antidepressants,General/Regular Use,"ব্যবহার/নির্দেশনা: বিষণ্নতা, উদ্বেগ (Depression, anxiety)। ক্যাটেগরি: Psychiatric - Antidepressants (General/Regular Use)। সেবন যোগ্যতা: Prescription।",অতিসংবেদনশীলতা (Allergy) থাকলে বা চিকিৎসকের সুস্পষ্ট পরামর্শ ব্যতীত অননুমোদিত মাত্রায় ব্যবহার পরিহার করুন।,সতর্কতার সাথে ব্যবহৃত (Used with caution),সামঞ্জস্যপূর্ণ; শিশু পর্যবেক্ষণ (Compatible; monitor infant),চিকিৎসকের পরামর্শ অনুযায়ী পরিমিত মাত্রায় সেব্য। কোনো জটিলতা বা অ্যালার্জি দেখা দিলে অবিলম্বে ওষুধ বন্ধ করে চিকিৎসকের শরণাপন্ন হতে হবে।
177,বুপ্রোপিয়ন (Bupropion),Bupropion,বুপ্রোপিয়ন,,Psychiatric - Antidepressants,General/Regular Use,"ব্যবহার/নির্দেশনা: বিষণ্নতা (Depression, smoking cessation)। ক্যাটেগরি: Psychiatric - Antidepressants (General/Regular Use)। সেবন যোগ্যতা: Prescription।",অতিসংবেদনশীলতা (Allergy) থাকলে বা চিকিৎসকের সুস্পষ্ট পরামর্শ ব্যতীত অননুমোদিত মাত্রায় ব্যবহার পরিহার করুন।,সীমিত তথ্য; সতর্কতা (Limited data; caution),সীমিত তথ্য; সতর্কতা (Limited data; caution),চিকিৎসকের পরামর্শ অনুযায়ী পরিমিত মাত্রায় সেব্য। কোনো জটিলতা বা অ্যালার্জি দেখা দিলে অবিলম্বে ওষুধ বন্ধ করে চিকিৎসকের শরণাপন্ন হতে হবে।
178,মির্টাজাপিন (Mirtazapine),Mirtazapine,মির্টাজাপিন,,Psychiatric - Antidepressants,General/Regular Use,ব্যবহার/নির্দেশনা: বিষণ্নতা (Depression)। ক্যাটেগরি: Psychiatric - Antidepressants (General/Regular Use)। সেবন যোগ্যতা: Prescription।,অতিসংবেদনশীলতা (Allergy) থাকলে বা চিকিৎসকের সুস্পষ্ট পরামর্শ ব্যতীত অননুমোদিত মাত্রায় ব্যবহার পরিহার করুন।,সীমিত তথ্য; সতর্কতা (Limited data; caution),সীমিত তথ্য (Limited data),চিকিৎসকের পরামর্শ অনুযায়ী পরিমিত মাত্রায় সেব্য। কোনো জটিলতা বা অ্যালার্জি দেখা দিলে অবিলম্বে ওষুধ বন্ধ করে চিকিৎসকের শরণাপন্ন হতে হবে।
179,ডুলোক্সেটিন (Duloxetine),Duloxetine,ডুলোক্সেটিন,,Psychiatric - Antidepressants,General/Regular Use,"ব্যবহার/নির্দেশনা: বিষণ্নতা, স্নায়ু ব্যথা (Depression, nerve pain)। ক্যাটেগরি: Psychiatric - Antidepressants (General/Regular Use)। সেবন যোগ্যতা: Prescription।",অতিসংবেদনশীলতা (Allergy) থাকলে বা চিকিৎসকের সুস্পষ্ট পরামর্শ ব্যতীত অননুমোদিত মাত্রায় ব্যবহার পরিহার করুন।,সীমিত তথ্য; সতর্কতা (Limited data; caution),সীমিত তথ্য (Limited data),চিকিৎসকের পরামর্শ অনুযায়ী পরিমিত মাত্রায় সেব্য। কোনো জটিলতা বা অ্যালার্জি দেখা দিলে অবিলম্বে ওষুধ বন্ধ করে চিকিৎসকের শরণাপন্ন হতে হবে।
180,ডায়াজিপাম (Diazepam),Diazepam,ডায়াজিপাম,,Psychiatric - Anxiolytics/Sedatives,General/Regular Use,"ব্যবহার/নির্দেশনা: উদ্বেগ, পেশী খিঁচুনি (Anxiety, muscle spasm)। ক্যাটেগরি: Psychiatric - Anxiolytics/Sedatives (General/Regular Use)। সেবন যোগ্যতা: Prescription।",অতিসংবেদনশীলতা (Allergy) থাকলে বা চিকিৎসকের সুস্পষ্ট পরামর্শ ব্যতীত অননুমোদিত মাত্রায় ব্যবহার পরিহার করুন।,সতর্কতা (নবজাতকের শিথিলতা সিন্ড্রোম) (Caution (floppy infant syndrome; avoid near term)),"সতর্কতা - শিশুর শরীরে জমা হতে পারে (Caution - sedating, accumulates in infant)",চিকিৎসকের পরামর্শ অনুযায়ী পরিমিত মাত্রায় সেব্য। কোনো জটিলতা বা অ্যালার্জি দেখা দিলে অবিলম্বে ওষুধ বন্ধ করে চিকিৎসকের শরণাপন্ন হতে হবে।
181,লোরাজিপাম (Lorazepam),Lorazepam,লোরাজিপাম,,Psychiatric - Anxiolytics/Sedatives,General/Regular Use,ব্যবহার/নির্দেশনা: উদ্বেগ (Anxiety)। ক্যাটেগরি: Psychiatric - Anxiolytics/Sedatives (General/Regular Use)। সেবন যোগ্যতা: Prescription।,অতিসংবেদনশীলতা (Allergy) থাকলে বা চিকিৎসকের সুস্পষ্ট পরামর্শ ব্যতীত অননুমোদিত মাত্রায় ব্যবহার পরিহার করুন।,ডায়াজিপামের মতো সতর্কতা (Caution similar to diazepam),সতর্কতা - ঘুম ঘুম ভাব (Caution - sedating),চিকিৎসকের পরামর্শ অনুযায়ী পরিমিত মাত্রায় সেব্য। কোনো জটিলতা বা অ্যালার্জি দেখা দিলে অবিলম্বে ওষুধ বন্ধ করে চিকিৎসকের শরণাপন্ন হতে হবে।
182,আলপ্রাজোলাম (Alprazolam),Alprazolam,আলপ্রাজোলাম,,Psychiatric - Anxiolytics/Sedatives,General/Regular Use,"ব্যবহার/নির্দেশনা: উদ্বেগ, প্যানিক (Anxiety, panic disorder)। ক্যাটেগরি: Psychiatric - Anxiolytics/Sedatives (General/Regular Use)। সেবন যোগ্যতা: Prescription।",অতিসংবেদনশীলতা (Allergy) থাকলে বা চিকিৎসকের সুস্পষ্ট পরামর্শ ব্যতীত অননুমোদিত মাত্রায় ব্যবহার পরিহার করুন।,সতর্কতা; বেনজোডায়াজিপাইন ঝুঁকি (Caution; benzodiazepine class risks),সতর্কতা - ঘুম ঘুম ভাব (Caution - sedating),চিকিৎসকের পরামর্শ অনুযায়ী পরিমিত মাত্রায় সেব্য। কোনো জটিলতা বা অ্যালার্জি দেখা দিলে অবিলম্বে ওষুধ বন্ধ করে চিকিৎসকের শরণাপন্ন হতে হবে।
183,ক্লোনাজিপাম (Clonazepam),Clonazepam,ক্লোনাজিপাম,,Psychiatric - Anxiolytics/Sedatives,General/Regular Use,"ব্যবহার/নির্দেশনা: উদ্বেগ, খিঁচুনি (Anxiety, seizures)। ক্যাটেগরি: Psychiatric - Anxiolytics/Sedatives (General/Regular Use)। সেবন যোগ্যতা: Prescription।",অতিসংবেদনশীলতা (Allergy) থাকলে বা চিকিৎসকের সুস্পষ্ট পরামর্শ ব্যতীত অননুমোদিত মাত্রায় ব্যবহার পরিহার করুন।,সতর্কতা; বেনজোডায়াজিপাইন ঝুঁকি (Caution; benzodiazepine class risks),সতর্কতা - ঘুম ঘুম ভাব (Caution - sedating),চিকিৎসকের পরামর্শ অনুযায়ী পরিমিত মাত্রায় সেব্য। কোনো জটিলতা বা অ্যালার্জি দেখা দিলে অবিলম্বে ওষুধ বন্ধ করে চিকিৎসকের শরণাপন্ন হতে হবে।
184,জোলপিডেম (Zolpidem),Zolpidem,জোলপিডেম,,Psychiatric - Anxiolytics/Sedatives,General/Regular Use,ব্যবহার/নির্দেশনা: অনিদ্রা (Insomnia)। ক্যাটেগরি: Psychiatric - Anxiolytics/Sedatives (General/Regular Use)। সেবন যোগ্যতা: Prescription।,অতিসংবেদনশীলতা (Allergy) থাকলে বা চিকিৎসকের সুস্পষ্ট পরামর্শ ব্যতীত অননুমোদিত মাত্রায় ব্যবহার পরিহার করুন।,সীমিত তথ্য; স্বল্পমেয়াদী সতর্কতা (Limited data; short-term caution),সতর্কতা - ঘুম ঘুম ভাব (Caution - sedating),চিকিৎসকের পরামর্শ অনুযায়ী পরিমিত মাত্রায় সেব্য। কোনো জটিলতা বা অ্যালার্জি দেখা দিলে অবিলম্বে ওষুধ বন্ধ করে চিকিৎসকের শরণাপন্ন হতে হবে।
185,বুসপিরোন (Buspirone),Buspirone,বুসপিরোন,,Psychiatric - Anxiolytics/Sedatives,General/Regular Use,ব্যবহার/নির্দেশনা: উদ্বেগ (Anxiety)। ক্যাটেগরি: Psychiatric - Anxiolytics/Sedatives (General/Regular Use)। সেবন যোগ্যতা: Prescription।,অতিসংবেদনশীলতা (Allergy) থাকলে বা চিকিৎসকের সুস্পষ্ট পরামর্শ ব্যতীত অননুমোদিত মাত্রায় ব্যবহার পরিহার করুন।,সীমিত তথ্য; সতর্কতা (Limited data; caution),সীমিত তথ্য (Limited data),চিকিৎসকের পরামর্শ অনুযায়ী পরিমিত মাত্রায় সেব্য। কোনো জটিলতা বা অ্যালার্জি দেখা দিলে অবিলম্বে ওষুধ বন্ধ করে চিকিৎসকের শরণাপন্ন হতে হবে।
186,হ্যালোপেরিডল (Haloperidol),Haloperidol,হ্যালোপেরিডল,,Psychiatric - Antipsychotics,General/Regular Use,ব্যবহার/নির্দেশনা: সাইকোসিস (Psychosis)। ক্যাটেগরি: Psychiatric - Antipsychotics (General/Regular Use)। সেবন যোগ্যতা: Prescription।,অতিসংবেদনশীলতা (Allergy) থাকলে বা চিকিৎসকের সুস্পষ্ট পরামর্শ ব্যতীত অননুমোদিত মাত্রায় ব্যবহার পরিহার করুন।,প্রয়োজনে সতর্কতার সাথে ব্যবহৃত (Used with caution when necessary),সামঞ্জস্যপূর্ণ; শিশু পর্যবেক্ষণ (Compatible; monitor infant),চিকিৎসকের পরামর্শ অনুযায়ী পরিমিত মাত্রায় সেব্য। কোনো জটিলতা বা অ্যালার্জি দেখা দিলে অবিলম্বে ওষুধ বন্ধ করে চিকিৎসকের শরণাপন্ন হতে হবে।
187,অলানজাপিন (Olanzapine),Olanzapine,অলানজাপিন,,Psychiatric - Antipsychotics,General/Regular Use,"ব্যবহার/নির্দেশনা: সাইকোসিস (Psychosis, bipolar disorder)। ক্যাটেগরি: Psychiatric - Antipsychotics (General/Regular Use)। সেবন যোগ্যতা: Prescription।",অতিসংবেদনশীলতা (Allergy) থাকলে বা চিকিৎসকের সুস্পষ্ট পরামর্শ ব্যতীত অননুমোদিত মাত্রায় ব্যবহার পরিহার করুন।,সতর্কতার সাথে ব্যবহৃত (Used with caution; metabolic monitoring),সামঞ্জস্যপূর্ণ; শিশু পর্যবেক্ষণ (Compatible; monitor infant),চিকিৎসকের পরামর্শ অনুযায়ী পরিমিত মাত্রায় সেব্য। কোনো জটিলতা বা অ্যালার্জি দেখা দিলে অবিলম্বে ওষুধ বন্ধ করে চিকিৎসকের শরণাপন্ন হতে হবে।
188,রিসপেরিডোন (Risperidone),Risperidone,রিসপেরিডোন,,Psychiatric - Antipsychotics,General/Regular Use,ব্যবহার/নির্দেশনা: সাইকোসিস (Psychosis)। ক্যাটেগরি: Psychiatric - Antipsychotics (General/Regular Use)। সেবন যোগ্যতা: Prescription।,অতিসংবেদনশীলতা (Allergy) থাকলে বা চিকিৎসকের সুস্পষ্ট পরামর্শ ব্যতীত অননুমোদিত মাত্রায় ব্যবহার পরিহার করুন।,সতর্কতার সাথে ব্যবহৃত (Used with caution),সামঞ্জস্যপূর্ণ; শিশু পর্যবেক্ষণ (Compatible; monitor infant),চিকিৎসকের পরামর্শ অনুযায়ী পরিমিত মাত্রায় সেব্য। কোনো জটিলতা বা অ্যালার্জি দেখা দিলে অবিলম্বে ওষুধ বন্ধ করে চিকিৎসকের শরণাপন্ন হতে হবে।
189,কুইটিয়াপিন (Quetiapine),Quetiapine,কুইটিয়াপিন,,Psychiatric - Antipsychotics,General/Regular Use,"ব্যবহার/নির্দেশনা: সাইকোসিস (Psychosis, bipolar disorder)। ক্যাটেগরি: Psychiatric - Antipsychotics (General/Regular Use)। সেবন যোগ্যতা: Prescription।",অতিসংবেদনশীলতা (Allergy) থাকলে বা চিকিৎসকের সুস্পষ্ট পরামর্শ ব্যতীত অননুমোদিত মাত্রায় ব্যবহার পরিহার করুন।,সতর্কতার সাথে ব্যবহৃত (Used with caution),সামঞ্জস্যপূর্ণ; শিশু পর্যবেক্ষণ (Compatible; monitor infant),চিকিৎসকের পরামর্শ অনুযায়ী পরিমিত মাত্রায় সেব্য। কোনো জটিলতা বা অ্যালার্জি দেখা দিলে অবিলম্বে ওষুধ বন্ধ করে চিকিৎসকের শরণাপন্ন হতে হবে।
190,সোডিয়াম ভালপ্রোয়েট (Sodium valproate),Sodium valproate,সোডিয়াম ভালপ্রোয়েট,,Anticonvulsants,General/Regular Use,"ব্যবহার/নির্দেশনা: মৃগীরোগ (Epilepsy, bipolar disorder)। ক্যাটেগরি: Anticonvulsants (General/Regular Use)। সেবন যোগ্যতা: Prescription।",অতিসংবেদনশীলতা (Allergy) থাকলে বা চিকিৎসকের সুস্পষ্ট পরামর্শ ব্যতীত অননুমোদিত মাত্রায় ব্যবহার পরিহার করুন।,নিষিদ্ধ (উচ্চ টেরাটোজেনিক ঝুঁকি) (CONTRAINDICATED (high teratogenic risk - neural tube defects)),সামঞ্জস্যপূর্ণ তবে মায়ের খিঁচুনি নিয়ন্ত্রণ বিবেচনা করুন (Compatible but weigh against maternal seizure control needs),চিকিৎসকের পরামর্শ অনুযায়ী পরিমিত মাত্রায় সেব্য। কোনো জটিলতা বা অ্যালার্জি দেখা দিলে অবিলম্বে ওষুধ বন্ধ করে চিকিৎসকের শরণাপন্ন হতে হবে।
191,ফেনিটোইন (Phenytoin),Phenytoin,ফেনিটোইন,,Anticonvulsants,General/Regular Use,ব্যবহার/নির্দেশনা: মৃগীরোগ (Epilepsy)। ক্যাটেগরি: Anticonvulsants (General/Regular Use)। সেবন যোগ্যতা: Prescription।,অতিসংবেদনশীলতা (Allergy) থাকলে বা চিকিৎসকের সুস্পষ্ট পরামর্শ ব্যতীত অননুমোদিত মাত্রায় ব্যবহার পরিহার করুন।,সতর্কতা (ভ্রূণের হাইডানটোইন সিন্ড্রোম) (Caution (fetal hydantoin syndrome)),সামঞ্জস্যপূর্ণ (Compatible),চিকিৎসকের পরামর্শ অনুযায়ী পরিমিত মাত্রায় সেব্য। কোনো জটিলতা বা অ্যালার্জি দেখা দিলে অবিলম্বে ওষুধ বন্ধ করে চিকিৎসকের শরণাপন্ন হতে হবে।
192,কার্বামাজেপিন (Carbamazepine),Carbamazepine,কার্বামাজেপিন,,Anticonvulsants,General/Regular Use,"ব্যবহার/নির্দেশনা: মৃগীরোগ (Epilepsy, nerve pain)। ক্যাটেগরি: Anticonvulsants (General/Regular Use)। সেবন যোগ্যতা: Prescription।",অতিসংবেদনশীলতা (Allergy) থাকলে বা চিকিৎসকের সুস্পষ্ট পরামর্শ ব্যতীত অননুমোদিত মাত্রায় ব্যবহার পরিহার করুন।,সতর্কতা (নিউরাল টিউব ত্রুটির ঝুঁকি) (Caution (neural tube defect risk)),সামঞ্জস্যপূর্ণ; শিশু পর্যবেক্ষণ (Compatible; monitor infant),চিকিৎসকের পরামর্শ অনুযায়ী পরিমিত মাত্রায় সেব্য। কোনো জটিলতা বা অ্যালার্জি দেখা দিলে অবিলম্বে ওষুধ বন্ধ করে চিকিৎসকের শরণাপন্ন হতে হবে।
193,ল্যামোট্রিজিন (Lamotrigine),Lamotrigine,ল্যামোট্রিজিন,,Anticonvulsants,General/Regular Use,"ব্যবহার/নির্দেশনা: মৃগীরোগ (Epilepsy, bipolar disorder)। ক্যাটেগরি: Anticonvulsants (General/Regular Use)। সেবন যোগ্যতা: Prescription।",অতিসংবেদনশীলতা (Allergy) থাকলে বা চিকিৎসকের সুস্পষ্ট পরামর্শ ব্যতীত অননুমোদিত মাত্রায় ব্যবহার পরিহার করুন।,গর্ভাবস্থায় পছন্দনীয় (Preferred anticonvulsant in pregnancy),সামঞ্জস্যপূর্ণ; শিশু পর্যবেক্ষণ (Compatible; monitor infant),চিকিৎসকের পরামর্শ অনুযায়ী পরিমিত মাত্রায় সেব্য। কোনো জটিলতা বা অ্যালার্জি দেখা দিলে অবিলম্বে ওষুধ বন্ধ করে চিকিৎসকের শরণাপন্ন হতে হবে।
194,লেভেটিরাসিটাম (Levetiracetam),Levetiracetam,লেভেটিরাসিটাম,,Anticonvulsants,General/Regular Use,ব্যবহার/নির্দেশনা: মৃগীরোগ (Epilepsy)। ক্যাটেগরি: Anticonvulsants (General/Regular Use)। সেবন যোগ্যতা: Prescription।,অতিসংবেদনশীলতা (Allergy) থাকলে বা চিকিৎসকের সুস্পষ্ট পরামর্শ ব্যতীত অননুমোদিত মাত্রায় ব্যবহার পরিহার করুন।,"পছন্দনীয়, ক্রমবর্ধমান নিরাপত্তা তথ্য (Preferred, growing safety data)",সামঞ্জস্যপূর্ণ (Compatible),চিকিৎসকের পরামর্শ অনুযায়ী পরিমিত মাত্রায় সেব্য। কোনো জটিলতা বা অ্যালার্জি দেখা দিলে অবিলম্বে ওষুধ বন্ধ করে চিকিৎসকের শরণাপন্ন হতে হবে।
195,ফেনোবারবিটাল (Phenobarbital),Phenobarbital,ফেনোবারবিটাল,,Anticonvulsants,General/Regular Use,ব্যবহার/নির্দেশনা: মৃগীরোগ (Epilepsy)। ক্যাটেগরি: Anticonvulsants (General/Regular Use)। সেবন যোগ্যতা: Prescription।,অতিসংবেদনশীলতা (Allergy) থাকলে বা চিকিৎসকের সুস্পষ্ট পরামর্শ ব্যতীত অননুমোদিত মাত্রায় ব্যবহার পরিহার করুন।,"সতর্কতা (পুরনো এইডি, কিছু ঝুঁকি) (Caution (older AED, some risk))",সতর্কতা - ঘুম ঘুম ভাব (Caution - sedating),চিকিৎসকের পরামর্শ অনুযায়ী পরিমিত মাত্রায় সেব্য। কোনো জটিলতা বা অ্যালার্জি দেখা দিলে অবিলম্বে ওষুধ বন্ধ করে চিকিৎসকের শরণাপন্ন হতে হবে।
196,টোপিরামেট (Topiramate),Topiramate,টোপিরামেট,,Anticonvulsants,General/Regular Use,"ব্যবহার/নির্দেশনা: মৃগীরোগ, মাইগ্রেন প্রতিরোধ (Epilepsy, migraine prevention)। ক্যাটেগরি: Anticonvulsants (General/Regular Use)। সেবন যোগ্যতা: Prescription।",অতিসংবেদনশীলতা (Allergy) থাকলে বা চিকিৎসকের সুস্পষ্ট পরামর্শ ব্যতীত অননুমোদিত মাত্রায় ব্যবহার পরিহার করুন।,"সতর্কতা (ক্লেফট ঠোঁট/তালু ঝুঁকি) (Caution (cleft lip/palate risk, low birth weight))",সামঞ্জস্যপূর্ণ; শিশু পর্যবেক্ষণ (Compatible; monitor infant),চিকিৎসকের পরামর্শ অনুযায়ী পরিমিত মাত্রায় সেব্য। কোনো জটিলতা বা অ্যালার্জি দেখা দিলে অবিলম্বে ওষুধ বন্ধ করে চিকিৎসকের শরণাপন্ন হতে হবে।
197,গ্যাবাপেন্টিন (Gabapentin),Gabapentin,গ্যাবাপেন্টিন,,Anticonvulsants,General/Regular Use,"ব্যবহার/নির্দেশনা: স্নায়ু ব্যথা, মৃগীরোগ (Nerve pain, epilepsy)। ক্যাটেগরি: Anticonvulsants (General/Regular Use)। সেবন যোগ্যতা: Prescription।",অতিসংবেদনশীলতা (Allergy) থাকলে বা চিকিৎসকের সুস্পষ্ট পরামর্শ ব্যতীত অননুমোদিত মাত্রায় ব্যবহার পরিহার করুন।,সীমিত তথ্য; সতর্কতা (Limited data; caution),সামঞ্জস্যপূর্ণ; শিশু পর্যবেক্ষণ (Compatible; monitor infant),চিকিৎসকের পরামর্শ অনুযায়ী পরিমিত মাত্রায় সেব্য। কোনো জটিলতা বা অ্যালার্জি দেখা দিলে অবিলম্বে ওষুধ বন্ধ করে চিকিৎসকের শরণাপন্ন হতে হবে।
198,প্রেগাবালিন (Pregabalin),Pregabalin,প্রেগাবালিন,,Anticonvulsants,General/Regular Use,"ব্যবহার/নির্দেশনা: স্নায়ু ব্যথা, উদ্বেগ (Nerve pain, anxiety)। ক্যাটেগরি: Anticonvulsants (General/Regular Use)। সেবন যোগ্যতা: Prescription।",অতিসংবেদনশীলতা (Allergy) থাকলে বা চিকিৎসকের সুস্পষ্ট পরামর্শ ব্যতীত অননুমোদিত মাত্রায় ব্যবহার পরিহার করুন।,সীমিত তথ্য; সতর্কতা (Limited data; caution),সীমিত তথ্য (Limited data),চিকিৎসকের পরামর্শ অনুযায়ী পরিমিত মাত্রায় সেব্য। কোনো জটিলতা বা অ্যালার্জি দেখা দিলে অবিলম্বে ওষুধ বন্ধ করে চিকিৎসকের শরণাপন্ন হতে হবে।
199,লিথিয়াম (Lithium),Lithium,লিথিয়াম,,Mood Stabilizers,General/Regular Use,ব্যবহার/নির্দেশনা: বাইপোলার ডিসঅর্ডার (Bipolar disorder)। ক্যাটেগরি: Mood Stabilizers (General/Regular Use)। সেবন যোগ্যতা: Prescription।,অতিসংবেদনশীলতা (Allergy) থাকলে বা চিকিৎসকের সুস্পষ্ট পরামর্শ ব্যতীত অননুমোদিত মাত্রায় ব্যবহার পরিহার করুন।,সতর্কতা (হৃদযন্ত্রের ত্রুটির ঝুঁকি); পর্যবেক্ষণ প্রয়োজন (Caution (cardiac defects - Ebstein's anomaly); needs monitoring),"সাধারণত এড়ানো হয়; ব্যবহার করলে শিশুর মাত্রা নিবিড় পর্যবেক্ষণ (Generally avoided; if used, monitor infant levels closely)",চিকিৎসকের পরামর্শ অনুযায়ী পরিমিত মাত্রায় সেব্য। কোনো জটিলতা বা অ্যালার্জি দেখা দিলে অবিলম্বে ওষুধ বন্ধ করে চিকিৎসকের শরণাপন্ন হতে হবে।
200,কম্বাইন্ড ওরাল কন্ট্রাসেপটিভ (Combined oral contraceptive),Combined oral contraceptive,কম্বাইন্ড ওরাল কন্ট্রাসেপটিভ,,Hormonal/Contraceptives,General/Regular Use,ব্যবহার/নির্দেশনা: গর্ভনিরোধ (Contraception)। ক্যাটেগরি: Hormonal/Contraceptives (General/Regular Use)। সেবন যোগ্যতা: Prescription।,অতিসংবেদনশীলতা (Allergy) থাকলে বা চিকিৎসকের সুস্পষ্ট পরামর্শ ব্যতীত অননুমোদিত মাত্রায় ব্যবহার পরিহার করুন।,গর্ভাবস্থা নিশ্চিত হলে বন্ধ করুন (Not used once pregnant - discontinue if pregnancy confirmed),প্রাথমিক স্তন্যদানে সাধারণত এড়ানো হয় (Generally avoided in early breastfeeding (may reduce milk supply)),চিকিৎসকের পরামর্শ অনুযায়ী পরিমিত মাত্রায় সেব্য। কোনো জটিলতা বা অ্যালার্জি দেখা দিলে অবিলম্বে ওষুধ বন্ধ করে চিকিৎসকের শরণাপন্ন হতে হবে।
201,প্রোজেস্টিন-ওনলি পিল (Progestin-only pill),Progestin-only pill,প্রোজেস্টিন-ওনলি পিল,,Hormonal/Contraceptives,General/Regular Use,ব্যবহার/নির্দেশনা: গর্ভনিরোধ (Contraception)। ক্যাটেগরি: Hormonal/Contraceptives (General/Regular Use)। সেবন যোগ্যতা: Prescription।,অতিসংবেদনশীলতা (Allergy) থাকলে বা চিকিৎসকের সুস্পষ্ট পরামর্শ ব্যতীত অননুমোদিত মাত্রায় ব্যবহার পরিহার করুন।,"N/A - গর্ভাবস্থায় ব্যবহারের জন্য নয় (N/A - contraceptive, not for use once pregnant)",স্তন্যদানের সাথে সাধারণত সামঞ্জস্যপূর্ণ (Generally compatible with breastfeeding),চিকিৎসকের পরামর্শ অনুযায়ী পরিমিত মাত্রায় সেব্য। কোনো জটিলতা বা অ্যালার্জি দেখা দিলে অবিলম্বে ওষুধ বন্ধ করে চিকিৎসকের শরণাপন্ন হতে হবে।
202,মেড্রোক্সিপ্রোজেস্টেরন ইনজেকশন (Medroxyprogesterone injection),Medroxyprogesterone injection,মেড্রোক্সিপ্রোজেস্টেরন ইনজেকশন,,Hormonal/Contraceptives,General/Regular Use,ব্যবহার/নির্দেশনা: গর্ভনিরোধ (Contraception)। ক্যাটেগরি: Hormonal/Contraceptives (General/Regular Use)। সেবন যোগ্যতা: Prescription।,অতিসংবেদনশীলতা (Allergy) থাকলে বা চিকিৎসকের সুস্পষ্ট পরামর্শ ব্যতীত অননুমোদিত মাত্রায় ব্যবহার পরিহার করুন।,N/A - গর্ভনিরোধক (N/A - contraceptive),স্তন্যদানের সাথে সামঞ্জস্যপূর্ণ (Compatible with breastfeeding),চিকিৎসকের পরামর্শ অনুযায়ী পরিমিত মাত্রায় সেব্য। কোনো জটিলতা বা অ্যালার্জি দেখা দিলে অবিলম্বে ওষুধ বন্ধ করে চিকিৎসকের শরণাপন্ন হতে হবে।
203,লেভোনরজেস্ট্রেল (জরুরি গর্ভনিরোধক) (Levonorgestrel (emergency contraception)),Levonorgestrel (emergency contraception),লেভোনরজেস্ট্রেল (জরুরি গর্ভনিরোধক),,Hormonal/Contraceptives,General/Regular Use,ব্যবহার/নির্দেশনা: জরুরি গর্ভনিরোধ (Emergency contraception)। ক্যাটেগরি: Hormonal/Contraceptives (General/Regular Use)। সেবন যোগ্যতা: Prescription।,অতিসংবেদনশীলতা (Allergy) থাকলে বা চিকিৎসকের সুস্পষ্ট পরামর্শ ব্যতীত অননুমোদিত মাত্রায় ব্যবহার পরিহার করুন।,গর্ভাবস্থায় ব্যবহারের জন্য নয় (Not for use once pregnant),সাধারণত সামঞ্জস্যপূর্ণ (Generally compatible),চিকিৎসকের পরামর্শ অনুযায়ী পরিমিত মাত্রায় সেব্য। কোনো জটিলতা বা অ্যালার্জি দেখা দিলে অবিলম্বে ওষুধ বন্ধ করে চিকিৎসকের শরণাপন্ন হতে হবে।
204,ইস্ট্রোজেন (এইচআরটি) (Estrogen (HRT)),Estrogen (HRT),ইস্ট্রোজেন (এইচআরটি),,Hormonal/Contraceptives,General/Regular Use,ব্যবহার/নির্দেশনা: মেনোপজ লক্ষণ (Menopause symptoms)। ক্যাটেগরি: Hormonal/Contraceptives (General/Regular Use)। সেবন যোগ্যতা: Prescription।,অতিসংবেদনশীলতা (Allergy) থাকলে বা চিকিৎসকের সুস্পষ্ট পরামর্শ ব্যতীত অননুমোদিত মাত্রায় ব্যবহার পরিহার করুন।,গর্ভাবস্থায় প্রযোজ্য নয় (Not applicable/used in pregnancy context),সাধারণত এড়ানো হয় (Generally avoided (may reduce milk supply)),চিকিৎসকের পরামর্শ অনুযায়ী পরিমিত মাত্রায় সেব্য। কোনো জটিলতা বা অ্যালার্জি দেখা দিলে অবিলম্বে ওষুধ বন্ধ করে চিকিৎসকের শরণাপন্ন হতে হবে।
205,ক্লোমিফিন (Clomiphene),Clomiphene,ক্লোমিফিন,,Hormonal/Contraceptives,General/Regular Use,ব্যবহার/নির্দেশনা: উর্বরতা চিকিৎসা (Fertility treatment)। ক্যাটেগরি: Hormonal/Contraceptives (General/Regular Use)। সেবন যোগ্যতা: Prescription।,অতিসংবেদনশীলতা (Allergy) থাকলে বা চিকিৎসকের সুস্পষ্ট পরামর্শ ব্যতীত অননুমোদিত মাত্রায় ব্যবহার পরিহার করুন।,"N/A - উর্বরতা ওষুধ, গর্ভাবস্থা নিশ্চিত হলে বন্ধ (N/A - fertility drug, discontinued once pregnancy confirmed)",স্তন্যদানকালে ব্যবহারের ক্ষেত্রে চিকিৎসকের পরামর্শ ও সতর্কতা মেনে চলা উচিত।,চিকিৎসকের পরামর্শ অনুযায়ী পরিমিত মাত্রায় সেব্য। কোনো জটিলতা বা অ্যালার্জি দেখা দিলে অবিলম্বে ওষুধ বন্ধ করে চিকিৎসকের শরণাপন্ন হতে হবে।
206,প্রোজেস্টেরন সাপ্লিমেন্ট (Progesterone (supplement)),Progesterone (supplement),প্রোজেস্টেরন সাপ্লিমেন্ট,,Obstetric-Specific,General/Regular Use,"ব্যবহার/নির্দেশনা: লুটিয়াল সাপোর্ট (Luteal support, preterm labor prevention)। ক্যাটেগরি: Obstetric-Specific (General/Regular Use)। সেবন যোগ্যতা: Prescription।",অতিসংবেদনশীলতা (Allergy) থাকলে বা চিকিৎসকের সুস্পষ্ট পরামর্শ ব্যতীত অননুমোদিত মাত্রায় ব্যবহার পরিহার করুন।,লুটিয়াল সাপোর্ট/অকাল প্রসব প্রতিরোধে ব্যবহৃত (Used for luteal support/preterm labor prevention; considered safe),সামঞ্জস্যপূর্ণ (Compatible),চিকিৎসকের পরামর্শ অনুযায়ী পরিমিত মাত্রায় সেব্য। কোনো জটিলতা বা অ্যালার্জি দেখা দিলে অবিলম্বে ওষুধ বন্ধ করে চিকিৎসকের শরণাপন্ন হতে হবে।
207,অক্সিটোসিন (Oxytocin),Oxytocin,অক্সিটোসিন,,Obstetric-Specific,General/Regular Use,ব্যবহার/নির্দেশনা: প্রসব প্ররোচনা (Labor induction/augmentation)। ক্যাটেগরি: Obstetric-Specific (General/Regular Use)। সেবন যোগ্যতা: Prescription।,অতিসংবেদনশীলতা (Allergy) থাকলে বা চিকিৎসকের সুস্পষ্ট পরামর্শ ব্যতীত অননুমোদিত মাত্রায় ব্যবহার পরিহার করুন।,প্রসব প্ররোচনা/ত্বরান্বিতকরণে পর্যবেক্ষণে ব্যবহৃত (Used for labor induction/augmentation under monitoring),সামঞ্জস্যপূর্ণ (Compatible),চিকিৎসকের পরামর্শ অনুযায়ী পরিমিত মাত্রায় সেব্য। কোনো জটিলতা বা অ্যালার্জি দেখা দিলে অবিলম্বে ওষুধ বন্ধ করে চিকিৎসকের শরণাপন্ন হতে হবে।
208,মিসোপ্রোস্টল (Misoprostol),Misoprostol,মিসোপ্রোস্টল,,Obstetric-Specific,General/Regular Use,"ব্যবহার/নির্দেশনা: প্রসব প্ররোচনা, রক্তক্ষরণ ব্যবস্থাপনা (Labor induction, PPH management)। ক্যাটেগরি: Obstetric-Specific (General/Regular Use)। সেবন যোগ্যতা: Prescription।",অতিসংবেদনশীলতা (Allergy) থাকলে বা চিকিৎসকের সুস্পষ্ট পরামর্শ ব্যতীত অননুমোদিত মাত্রায় ব্যবহার পরিহার করুন।,প্রসব প্ররোচনা/রক্তক্ষরণ ব্যবস্থাপনায় ব্যবহৃত; অনির্দেশিত ব্যবহার বিপজ্জনক (Used for labor induction/PPH management OR can cause abortion if misused - HIGH RISK if unsupervised),সামঞ্জস্যপূর্ণ (Compatible),চিকিৎসকের পরামর্শ অনুযায়ী পরিমিত মাত্রায় সেব্য। কোনো জটিলতা বা অ্যালার্জি দেখা দিলে অবিলম্বে ওষুধ বন্ধ করে চিকিৎসকের শরণাপন্ন হতে হবে।
209,ম্যাগনেসিয়াম সালফেট (Magnesium sulfate),Magnesium sulfate,ম্যাগনেসিয়াম সালফেট,,Obstetric-Specific,General/Regular Use,ব্যবহার/নির্দেশনা: প্রি-এক্লাম্পসিয়া/একলাম্পসিয়া প্রতিরোধ (Pre-eclampsia/eclampsia seizure prevention)। ক্যাটেগরি: Obstetric-Specific (General/Regular Use)। সেবন যোগ্যতা: Prescription।,অতিসংবেদনশীলতা (Allergy) থাকলে বা চিকিৎসকের সুস্পষ্ট পরামর্শ ব্যতীত অননুমোদিত মাত্রায় ব্যবহার পরিহার করুন।,প্রি-এক্লাম্পসিয়া/একলাম্পসিয়া খিঁচুনি প্রতিরোধে ব্যবহৃত (Used for pre-eclampsia/eclampsia seizure prevention; standard of care),সামঞ্জস্যপূর্ণ (Compatible),চিকিৎসকের পরামর্শ অনুযায়ী পরিমিত মাত্রায় সেব্য। কোনো জটিলতা বা অ্যালার্জি দেখা দিলে অবিলম্বে ওষুধ বন্ধ করে চিকিৎসকের শরণাপন্ন হতে হবে।
210,অ্যাটোসিবান (Atosiban),Atosiban,অ্যাটোসিবান,,Obstetric-Specific,General/Regular Use,ব্যবহার/নির্দেশনা: অকাল প্রসব বিলম্ব (Preterm labor (tocolytic))। ক্যাটেগরি: Obstetric-Specific (General/Regular Use)। সেবন যোগ্যতা: Prescription।,অতিসংবেদনশীলতা (Allergy) থাকলে বা চিকিৎসকের সুস্পষ্ট পরামর্শ ব্যতীত অননুমোদিত মাত্রায় ব্যবহার পরিহার করুন।,অকাল প্রসব বিলম্বে ব্যবহৃত (Used as tocolytic for preterm labor),সীমিত তথ্য (Limited data),চিকিৎসকের পরামর্শ অনুযায়ী পরিমিত মাত্রায় সেব্য। কোনো জটিলতা বা অ্যালার্জি দেখা দিলে অবিলম্বে ওষুধ বন্ধ করে চিকিৎসকের শরণাপন্ন হতে হবে।
211,হাইড্রোকর্টিসোন ক্রিম (Hydrocortisone cream),Hydrocortisone cream,হাইড্রোকর্টিসোন ক্রিম,,Dermatological,General/Regular Use,"ব্যবহার/নির্দেশনা: ত্বকের প্রদাহ, একজিমা (Skin inflammation, eczema)। ক্যাটেগরি: Dermatological (General/Regular Use)। সেবন যোগ্যতা: OTC।",অতিসংবেদনশীলতা (Allergy) থাকলে বা চিকিৎসকের সুস্পষ্ট পরামর্শ ব্যতীত অননুমোদিত মাত্রায় ব্যবহার পরিহার করুন।,নিরাপদ (স্থানীয় ব্যবহার) (Safe topical),নিরাপদ (Safe),চিকিৎসকের পরামর্শ অনুযায়ী পরিমিত মাত্রায় সেব্য। কোনো জটিলতা বা অ্যালার্জি দেখা দিলে অবিলম্বে ওষুধ বন্ধ করে চিকিৎসকের শরণাপন্ন হতে হবে।
212,ক্লোবেটাসল (Clobetasol),Clobetasol,ক্লোবেটাসল,,Dermatological,General/Regular Use,ব্যবহার/নির্দেশনা: তীব্র ত্বকের প্রদাহ (Severe skin inflammation)। ক্যাটেগরি: Dermatological (General/Regular Use)। সেবন যোগ্যতা: Prescription।,অতিসংবেদনশীলতা (Allergy) থাকলে বা চিকিৎসকের সুস্পষ্ট পরামর্শ ব্যতীত অননুমোদিত মাত্রায় ব্যবহার পরিহার করুন।,ব্যাপক ব্যবহারে সতর্কতা (Caution with extensive use),ব্যাপক ব্যবহারে সতর্কতা (Caution with extensive use),চিকিৎসকের পরামর্শ অনুযায়ী পরিমিত মাত্রায় সেব্য। কোনো জটিলতা বা অ্যালার্জি দেখা দিলে অবিলম্বে ওষুধ বন্ধ করে চিকিৎসকের শরণাপন্ন হতে হবে।
213,আইসোট্রেটিনয়িন (Isotretinoin),Isotretinoin,আইসোট্রেটিনয়িন,,Dermatological,General/Regular Use,ব্যবহার/নির্দেশনা: তীব্র ব্রণ (Severe acne)। ক্যাটেগরি: Dermatological (General/Regular Use)। সেবন যোগ্যতা: Prescription।,অতিসংবেদনশীলতা (Allergy) থাকলে বা চিকিৎসকের সুস্পষ্ট পরামর্শ ব্যতীত অননুমোদিত মাত্রায় ব্যবহার পরিহার করুন।,নিষিদ্ধ (গুরুতর টেরাটোজেনিক) (CONTRAINDICATED (severe teratogen)),এড়ানো হয় (Avoided),চিকিৎসকের পরামর্শ অনুযায়ী পরিমিত মাত্রায় সেব্য। কোনো জটিলতা বা অ্যালার্জি দেখা দিলে অবিলম্বে ওষুধ বন্ধ করে চিকিৎসকের শরণাপন্ন হতে হবে।
214,ট্রেটিনোইন (স্থানীয়) (Tretinoin (topical)),Tretinoin (topical),ট্রেটিনোইন (স্থানীয়),,Dermatological,General/Regular Use,"ব্যবহার/নির্দেশনা: ব্রণ, বয়সের ছাপ (Acne, anti-aging)। ক্যাটেগরি: Dermatological (General/Regular Use)। সেবন যোগ্যতা: Prescription।",অতিসংবেদনশীলতা (Allergy) থাকলে বা চিকিৎসকের সুস্পষ্ট পরামর্শ ব্যতীত অননুমোদিত মাত্রায় ব্যবহার পরিহার করুন।,সতর্কতা; ন্যূনতম শোষণ তবে এড়ানো হয় (Caution; minimal absorption but avoided),সতর্কতা (Caution),চিকিৎসকের পরামর্শ অনুযায়ী পরিমিত মাত্রায় সেব্য। কোনো জটিলতা বা অ্যালার্জি দেখা দিলে অবিলম্বে ওষুধ বন্ধ করে চিকিৎসকের শরণাপন্ন হতে হবে।
215,ক্লোট্রিমাজল ক্রিম (Clotrimazole cream),Clotrimazole cream,ক্লোট্রিমাজল ক্রিম,,Dermatological,General/Regular Use,ব্যবহার/নির্দেশনা: ছত্রাক ত্বক সংক্রমণ (Fungal skin infections)। ক্যাটেগরি: Dermatological (General/Regular Use)। সেবন যোগ্যতা: OTC।,অতিসংবেদনশীলতা (Allergy) থাকলে বা চিকিৎসকের সুস্পষ্ট পরামর্শ ব্যতীত অননুমোদিত মাত্রায় ব্যবহার পরিহার করুন।,নিরাপদ (Safe),নিরাপদ (Safe),চিকিৎসকের পরামর্শ অনুযায়ী পরিমিত মাত্রায় সেব্য। কোনো জটিলতা বা অ্যালার্জি দেখা দিলে অবিলম্বে ওষুধ বন্ধ করে চিকিৎসকের শরণাপন্ন হতে হবে।
216,পারমেথ্রিন (Permethrin),Permethrin,পারমেথ্রিন,,Dermatological,General/Regular Use,"ব্যবহার/নির্দেশনা: স্ক্যাবিস, উকুন (Scabies, lice)। ক্যাটেগরি: Dermatological (General/Regular Use)। সেবন যোগ্যতা: OTC।",অতিসংবেদনশীলতা (Allergy) থাকলে বা চিকিৎসকের সুস্পষ্ট পরামর্শ ব্যতীত অননুমোদিত মাত্রায় ব্যবহার পরিহার করুন।,স্ক্যাবিস/উকুন চিকিৎসায় নিরাপদ বিবেচিত (Considered safe for scabies/lice treatment),নিরাপদ (Safe),চিকিৎসকের পরামর্শ অনুযায়ী পরিমিত মাত্রায় সেব্য। কোনো জটিলতা বা অ্যালার্জি দেখা দিলে অবিলম্বে ওষুধ বন্ধ করে চিকিৎসকের শরণাপন্ন হতে হবে।
217,বেনজোয়াইল পারঅক্সাইড (Benzoyl peroxide),Benzoyl peroxide,বেনজোয়াইল পারঅক্সাইড,,Dermatological,General/Regular Use,ব্যবহার/নির্দেশনা: ব্রণ (Acne)। ক্যাটেগরি: Dermatological (General/Regular Use)। সেবন যোগ্যতা: OTC।,অতিসংবেদনশীলতা (Allergy) থাকলে বা চিকিৎসকের সুস্পষ্ট পরামর্শ ব্যতীত অননুমোদিত মাত্রায় ব্যবহার পরিহার করুন।,নিরাপদ বিবেচিত (স্থানীয়) (Considered safe topical),নিরাপদ (Safe),চিকিৎসকের পরামর্শ অনুযায়ী পরিমিত মাত্রায় সেব্য। কোনো জটিলতা বা অ্যালার্জি দেখা দিলে অবিলম্বে ওষুধ বন্ধ করে চিকিৎসকের শরণাপন্ন হতে হবে।
218,সালিসাইলিক এসিড (স্থানীয়) (Salicylic acid (topical)),Salicylic acid (topical),সালিসাইলিক এসিড (স্থানীয়),,Dermatological,General/Regular Use,"ব্যবহার/নির্দেশনা: ব্রণ, আঁচিল (Acne, warts)। ক্যাটেগরি: Dermatological (General/Regular Use)। সেবন যোগ্যতা: OTC।",অতিসংবেদনশীলতা (Allergy) থাকলে বা চিকিৎসকের সুস্পষ্ট পরামর্শ ব্যতীত অননুমোদিত মাত্রায় ব্যবহার পরিহার করুন।,সীমিত/ছোট এলাকায় ব্যবহার কম ঝুঁকিপূর্ণ (Limited/small-area use generally considered low risk),অল্প পরিমাণে নিরাপদ (Safe in small amounts),চিকিৎসকের পরামর্শ অনুযায়ী পরিমিত মাত্রায় সেব্য। কোনো জটিলতা বা অ্যালার্জি দেখা দিলে অবিলম্বে ওষুধ বন্ধ করে চিকিৎসকের শরণাপন্ন হতে হবে।
219,ভিটামিন বি১২ (Vitamin B12),Vitamin B12,ভিটামিন বি১২,,Vitamins/Minerals (General),General/Regular Use,"ব্যবহার/নির্দেশনা: বি১২ ঘাটতি, রক্তশূন্যতা (B12 deficiency, anemia)। ক্যাটেগরি: Vitamins/Minerals (General) (General/Regular Use)। সেবন যোগ্যতা: OTC।",অতিসংবেদনশীলতা (Allergy) থাকলে বা চিকিৎসকের সুস্পষ্ট পরামর্শ ব্যতীত অননুমোদিত মাত্রায় ব্যবহার পরিহার করুন।,নিরাপদ (Safe),নিরাপদ (Safe),চিকিৎসকের পরামর্শ অনুযায়ী পরিমিত মাত্রায় সেব্য। কোনো জটিলতা বা অ্যালার্জি দেখা দিলে অবিলম্বে ওষুধ বন্ধ করে চিকিৎসকের শরণাপন্ন হতে হবে।
220,ভিটামিন সি (Vitamin C),Vitamin C,ভিটামিন সি,,Vitamins/Minerals (General),General/Regular Use,"ব্যবহার/নির্দেশনা: রোগ প্রতিরোধ ক্ষমতা (Immune support, deficiency)। ক্যাটেগরি: Vitamins/Minerals (General) (General/Regular Use)। সেবন যোগ্যতা: OTC।",অতিসংবেদনশীলতা (Allergy) থাকলে বা চিকিৎসকের সুস্পষ্ট পরামর্শ ব্যতীত অননুমোদিত মাত্রায় ব্যবহার পরিহার করুন।,স্বাভাবিক মাত্রায় নিরাপদ (Safe at normal doses),নিরাপদ (Safe),চিকিৎসকের পরামর্শ অনুযায়ী পরিমিত মাত্রায় সেব্য। কোনো জটিলতা বা অ্যালার্জি দেখা দিলে অবিলম্বে ওষুধ বন্ধ করে চিকিৎসকের শরণাপন্ন হতে হবে।
221,ভিটামিন ই (Vitamin E),Vitamin E,ভিটামিন ই,,Vitamins/Minerals (General),General/Regular Use,ব্যবহার/নির্দেশনা: অ্যান্টিঅক্সিডেন্ট সাপ্লিমেন্ট (Antioxidant supplementation)। ক্যাটেগরি: Vitamins/Minerals (General) (General/Regular Use)। সেবন যোগ্যতা: OTC।,অতিসংবেদনশীলতা (Allergy) থাকলে বা চিকিৎসকের সুস্পষ্ট পরামর্শ ব্যতীত অননুমোদিত মাত্রায় ব্যবহার পরিহার করুন।,স্বাভাবিক মাত্রায় নিরাপদ (Safe at normal doses),নিরাপদ (Safe),চিকিৎসকের পরামর্শ অনুযায়ী পরিমিত মাত্রায় সেব্য। কোনো জটিলতা বা অ্যালার্জি দেখা দিলে অবিলম্বে ওষুধ বন্ধ করে চিকিৎসকের শরণাপন্ন হতে হবে।
222,ভিটামিন কে (Vitamin K),Vitamin K,ভিটামিন কে,,Vitamins/Minerals (General),General/Regular Use,ব্যবহার/নির্দেশনা: রক্তক্ষরণ প্রতিরোধ (Bleeding prevention)। ক্যাটেগরি: Vitamins/Minerals (General) (General/Regular Use)। সেবন যোগ্যতা: OTC।,অতিসংবেদনশীলতা (Allergy) থাকলে বা চিকিৎসকের সুস্পষ্ট পরামর্শ ব্যতীত অননুমোদিত মাত্রায় ব্যবহার পরিহার করুন।,নিরাপদ; নবজাতকদের নিয়মিত দেওয়া হয় (Safe; given to newborns routinely),নিরাপদ (Safe),চিকিৎসকের পরামর্শ অনুযায়ী পরিমিত মাত্রায় সেব্য। কোনো জটিলতা বা অ্যালার্জি দেখা দিলে অবিলম্বে ওষুধ বন্ধ করে চিকিৎসকের শরণাপন্ন হতে হবে।
223,বায়োটিন (Biotin),Biotin,বায়োটিন,,Vitamins/Minerals (General),General/Regular Use,ব্যবহার/নির্দেশনা: চুল/ত্বক/নখের স্বাস্থ্য (Hair/skin/nail health)। ক্যাটেগরি: Vitamins/Minerals (General) (General/Regular Use)। সেবন যোগ্যতা: OTC।,অতিসংবেদনশীলতা (Allergy) থাকলে বা চিকিৎসকের সুস্পষ্ট পরামর্শ ব্যতীত অননুমোদিত মাত্রায় ব্যবহার পরিহার করুন।,স্বাভাবিক মাত্রায় নিরাপদ (Safe at normal doses),নিরাপদ (Safe),চিকিৎসকের পরামর্শ অনুযায়ী পরিমিত মাত্রায় সেব্য। কোনো জটিলতা বা অ্যালার্জি দেখা দিলে অবিলম্বে ওষুধ বন্ধ করে চিকিৎসকের শরণাপন্ন হতে হবে।
224,জিংক সাপ্লিমেন্ট (প্রাপ্তবয়স্ক) (Zinc supplement (adult)),Zinc supplement (adult),জিংক সাপ্লিমেন্ট (প্রাপ্তবয়স্ক),,Vitamins/Minerals (General),General/Regular Use,"ব্যবহার/নির্দেশনা: রোগ প্রতিরোধ ক্ষমতা (Immune support, deficiency)। ক্যাটেগরি: Vitamins/Minerals (General) (General/Regular Use)। সেবন যোগ্যতা: OTC।",অতিসংবেদনশীলতা (Allergy) থাকলে বা চিকিৎসকের সুস্পষ্ট পরামর্শ ব্যতীত অননুমোদিত মাত্রায় ব্যবহার পরিহার করুন।,নিরাপদ (Safe),নিরাপদ (Safe),চিকিৎসকের পরামর্শ অনুযায়ী পরিমিত মাত্রায় সেব্য। কোনো জটিলতা বা অ্যালার্জি দেখা দিলে অবিলম্বে ওষুধ বন্ধ করে চিকিৎসকের শরণাপন্ন হতে হবে।
225,ম্যাগনেসিয়াম সাপ্লিমেন্ট (Magnesium supplement),Magnesium supplement,ম্যাগনেসিয়াম সাপ্লিমেন্ট,,Vitamins/Minerals (General),General/Regular Use,"ব্যবহার/নির্দেশনা: পেশী খিঁচুনি (Muscle cramps, deficiency)। ক্যাটেগরি: Vitamins/Minerals (General) (General/Regular Use)। সেবন যোগ্যতা: OTC।",অতিসংবেদনশীলতা (Allergy) থাকলে বা চিকিৎসকের সুস্পষ্ট পরামর্শ ব্যতীত অননুমোদিত মাত্রায় ব্যবহার পরিহার করুন।,নিরাপদ (Safe),নিরাপদ (Safe),চিকিৎসকের পরামর্শ অনুযায়ী পরিমিত মাত্রায় সেব্য। কোনো জটিলতা বা অ্যালার্জি দেখা দিলে অবিলম্বে ওষুধ বন্ধ করে চিকিৎসকের শরণাপন্ন হতে হবে।
226,কপার সাপ্লিমেন্ট (Copper supplement),Copper supplement,কপার সাপ্লিমেন্ট,,Vitamins/Minerals (General),General/Regular Use,ব্যবহার/নির্দেশনা: কপার ঘাটতি (Copper deficiency)। ক্যাটেগরি: Vitamins/Minerals (General) (General/Regular Use)। সেবন যোগ্যতা: OTC।,অতিসংবেদনশীলতা (Allergy) থাকলে বা চিকিৎসকের সুস্পষ্ট পরামর্শ ব্যতীত অননুমোদিত মাত্রায় ব্যবহার পরিহার করুন।,সুপারিশকৃত মাত্রায় নিরাপদ (Safe at recommended doses),নিরাপদ (Safe),চিকিৎসকের পরামর্শ অনুযায়ী পরিমিত মাত্রায় সেব্য। কোনো জটিলতা বা অ্যালার্জি দেখা দিলে অবিলম্বে ওষুধ বন্ধ করে চিকিৎসকের শরণাপন্ন হতে হবে।
227,মাল্টিভিটামিন (প্রাপ্তবয়স্ক) (Multivitamin (adult)),Multivitamin (adult),মাল্টিভিটামিন (প্রাপ্তবয়স্ক),,Vitamins/Minerals (General),General/Regular Use,ব্যবহার/নির্দেশনা: সাধারণ সাপ্লিমেন্ট (General supplementation)। ক্যাটেগরি: Vitamins/Minerals (General) (General/Regular Use)। সেবন যোগ্যতা: OTC।,অতিসংবেদনশীলতা (Allergy) থাকলে বা চিকিৎসকের সুস্পষ্ট পরামর্শ ব্যতীত অননুমোদিত মাত্রায় ব্যবহার পরিহার করুন।,নিরাপদ (Safe),নিরাপদ (Safe),চিকিৎসকের পরামর্শ অনুযায়ী পরিমিত মাত্রায় সেব্য। কোনো জটিলতা বা অ্যালার্জি দেখা দিলে অবিলম্বে ওষুধ বন্ধ করে চিকিৎসকের শরণাপন্ন হতে হবে।
228,মেথোট্রেক্সেট (Methotrexate),Methotrexate,মেথোট্রেক্সেট,,Chemotherapy/Immunosuppressants,General/Regular Use,"ব্যবহার/নির্দেশনা: ক্যান্সার, অটোইমিউন রোগ (Cancer, autoimmune conditions)। ক্যাটেগরি: Chemotherapy/Immunosuppressants (General/Regular Use)। সেবন যোগ্যতা: Prescription।",অতিসংবেদনশীলতা (Allergy) থাকলে বা চিকিৎসকের সুস্পষ্ট পরামর্শ ব্যতীত অননুমোদিত মাত্রায় ব্যবহার পরিহার করুন।,"নিষিদ্ধ (গুরুতর টেরাটোজেনিক) (CONTRAINDICATED (severe teratogen, abortifacient))",এড়ানো হয় (Avoided),চিকিৎসকের পরামর্শ অনুযায়ী পরিমিত মাত্রায় সেব্য। কোনো জটিলতা বা অ্যালার্জি দেখা দিলে অবিলম্বে ওষুধ বন্ধ করে চিকিৎসকের শরণাপন্ন হতে হবে।
229,সাইক্লোফসফামাইড (Cyclophosphamide),Cyclophosphamide,সাইক্লোফসফামাইড,,Chemotherapy/Immunosuppressants,General/Regular Use,"ব্যবহার/নির্দেশনা: ক্যান্সার (Cancer, autoimmune conditions)। ক্যাটেগরি: Chemotherapy/Immunosuppressants (General/Regular Use)। সেবন যোগ্যতা: Prescription।",অতিসংবেদনশীলতা (Allergy) থাকলে বা চিকিৎসকের সুস্পষ্ট পরামর্শ ব্যতীত অননুমোদিত মাত্রায় ব্যবহার পরিহার করুন।,নিষিদ্ধ (CONTRAINDICATED),এড়ানো হয় (Avoided),চিকিৎসকের পরামর্শ অনুযায়ী পরিমিত মাত্রায় সেব্য। কোনো জটিলতা বা অ্যালার্জি দেখা দিলে অবিলম্বে ওষুধ বন্ধ করে চিকিৎসকের শরণাপন্ন হতে হবে।
230,অ্যাজাথায়োপ্রিন (Azathioprine),Azathioprine,অ্যাজাথায়োপ্রিন,,Chemotherapy/Immunosuppressants,General/Regular Use,"ব্যবহার/নির্দেশনা: অটোইমিউন রোগ (Autoimmune conditions, transplant)। ক্যাটেগরি: Chemotherapy/Immunosuppressants (General/Regular Use)। সেবন যোগ্যতা: Prescription।",অতিসংবেদনশীলতা (Allergy) থাকলে বা চিকিৎসকের সুস্পষ্ট পরামর্শ ব্যতীত অননুমোদিত মাত্রায় ব্যবহার পরিহার করুন।,অটোইমিউন রোগে সতর্কতার সাথে ব্যবহৃত (Used cautiously in autoimmune conditions; relatively safer option),পর্যবেক্ষণসহ সামঞ্জস্যপূর্ণ (Compatible with monitoring),চিকিৎসকের পরামর্শ অনুযায়ী পরিমিত মাত্রায় সেব্য। কোনো জটিলতা বা অ্যালার্জি দেখা দিলে অবিলম্বে ওষুধ বন্ধ করে চিকিৎসকের শরণাপন্ন হতে হবে।
231,টাক্রোলিমাস (Tacrolimus),Tacrolimus,টাক্রোলিমাস,,Chemotherapy/Immunosuppressants,General/Regular Use,ব্যবহার/নির্দেশনা: অঙ্গ প্রতিস্থাপন (Organ transplant)। ক্যাটেগরি: Chemotherapy/Immunosuppressants (General/Regular Use)। সেবন যোগ্যতা: Prescription।,অতিসংবেদনশীলতা (Allergy) থাকলে বা চিকিৎসকের সুস্পষ্ট পরামর্শ ব্যতীত অননুমোদিত মাত্রায় ব্যবহার পরিহার করুন।,প্রতিস্থাপনের পর সতর্কতার সাথে ব্যবহৃত (Used cautiously post-transplant),পর্যবেক্ষণসহ সামঞ্জস্যপূর্ণ (Compatible with monitoring),চিকিৎসকের পরামর্শ অনুযায়ী পরিমিত মাত্রায় সেব্য। কোনো জটিলতা বা অ্যালার্জি দেখা দিলে অবিলম্বে ওষুধ বন্ধ করে চিকিৎসকের শরণাপন্ন হতে হবে।
232,মাইকোফেনোলেট (Mycophenolate),Mycophenolate,মাইকোফেনোলেট,,Chemotherapy/Immunosuppressants,General/Regular Use,"ব্যবহার/নির্দেশনা: অঙ্গ প্রতিস্থাপন (Organ transplant, autoimmune)। ক্যাটেগরি: Chemotherapy/Immunosuppressants (General/Regular Use)। সেবন যোগ্যতা: Prescription।",অতিসংবেদনশীলতা (Allergy) থাকলে বা চিকিৎসকের সুস্পষ্ট পরামর্শ ব্যতীত অননুমোদিত মাত্রায় ব্যবহার পরিহার করুন।,নিষিদ্ধ (টেরাটোজেনিক) (CONTRAINDICATED (teratogenic)),এড়ানো হয় (Avoided),চিকিৎসকের পরামর্শ অনুযায়ী পরিমিত মাত্রায় সেব্য। কোনো জটিলতা বা অ্যালার্জি দেখা দিলে অবিলম্বে ওষুধ বন্ধ করে চিকিৎসকের শরণাপন্ন হতে হবে।
233,সুমাট্রিপটান (Sumatriptan),Sumatriptan,সুমাট্রিপটান,,Migraine,General/Regular Use,ব্যবহার/নির্দেশনা: মাইগ্রেন (Migraine)। ক্যাটেগরি: Migraine (General/Regular Use)। সেবন যোগ্যতা: Prescription।,অতিসংবেদনশীলতা (Allergy) থাকলে বা চিকিৎসকের সুস্পষ্ট পরামর্শ ব্যতীত অননুমোদিত মাত্রায় ব্যবহার পরিহার করুন।,তুলনামূলকভাবে নিরাপদ বিবেচিত (Considered relatively safe),সামঞ্জস্যপূর্ণ (Compatible),চিকিৎসকের পরামর্শ অনুযায়ী পরিমিত মাত্রায় সেব্য। কোনো জটিলতা বা অ্যালার্জি দেখা দিলে অবিলম্বে ওষুধ বন্ধ করে চিকিৎসকের শরণাপন্ন হতে হবে।
234,এরগোটামিন (Ergotamine),Ergotamine,এরগোটামিন,,Migraine,General/Regular Use,ব্যবহার/নির্দেশনা: মাইগ্রেন (Migraine)। ক্যাটেগরি: Migraine (General/Regular Use)। সেবন যোগ্যতা: Prescription।,অতিসংবেদনশীলতা (Allergy) থাকলে বা চিকিৎসকের সুস্পষ্ট পরামর্শ ব্যতীত অননুমোদিত মাত্রায় ব্যবহার পরিহার করুন।,"নিষিদ্ধ (জরায়ু সংকোচনকারী) (CONTRAINDICATED (uterotonic, vasoconstrictive))",এড়ানো হয় (দুধ কমাতে পারে) (Avoided (may reduce milk supply)),চিকিৎসকের পরামর্শ অনুযায়ী পরিমিত মাত্রায় সেব্য। কোনো জটিলতা বা অ্যালার্জি দেখা দিলে অবিলম্বে ওষুধ বন্ধ করে চিকিৎসকের শরণাপন্ন হতে হবে।
235,ব্যাক্লোফেন (Baclofen),Baclofen,ব্যাক্লোফেন,,Muscle Relaxants,General/Regular Use,ব্যবহার/নির্দেশনা: পেশী খিঁচুনি (Muscle spasm)। ক্যাটেগরি: Muscle Relaxants (General/Regular Use)। সেবন যোগ্যতা: Prescription।,অতিসংবেদনশীলতা (Allergy) থাকলে বা চিকিৎসকের সুস্পষ্ট পরামর্শ ব্যতীত অননুমোদিত মাত্রায় ব্যবহার পরিহার করুন।,সীমিত তথ্য; সতর্কতা (Limited data; caution),সীমিত তথ্য; সতর্কতা (Limited data; caution),চিকিৎসকের পরামর্শ অনুযায়ী পরিমিত মাত্রায় সেব্য। কোনো জটিলতা বা অ্যালার্জি দেখা দিলে অবিলম্বে ওষুধ বন্ধ করে চিকিৎসকের শরণাপন্ন হতে হবে।
236,সাইক্লোবেনজাপ্রিন (Cyclobenzaprine),Cyclobenzaprine,সাইক্লোবেনজাপ্রিন,,Muscle Relaxants,General/Regular Use,ব্যবহার/নির্দেশনা: পেশী খিঁচুনি (Muscle spasm)। ক্যাটেগরি: Muscle Relaxants (General/Regular Use)। সেবন যোগ্যতা: Prescription।,অতিসংবেদনশীলতা (Allergy) থাকলে বা চিকিৎসকের সুস্পষ্ট পরামর্শ ব্যতীত অননুমোদিত মাত্রায় ব্যবহার পরিহার করুন।,সীমিত তথ্য; সতর্কতা (Limited data; caution),সীমিত তথ্য (Limited data),চিকিৎসকের পরামর্শ অনুযায়ী পরিমিত মাত্রায় সেব্য। কোনো জটিলতা বা অ্যালার্জি দেখা দিলে অবিলম্বে ওষুধ বন্ধ করে চিকিৎসকের শরণাপন্ন হতে হবে।
237,মেথোকার্বামল (Methocarbamol),Methocarbamol,মেথোকার্বামল,,Muscle Relaxants,General/Regular Use,ব্যবহার/নির্দেশনা: পেশী খিঁচুনি (Muscle spasm)। ক্যাটেগরি: Muscle Relaxants (General/Regular Use)। সেবন যোগ্যতা: Prescription।,অতিসংবেদনশীলতা (Allergy) থাকলে বা চিকিৎসকের সুস্পষ্ট পরামর্শ ব্যতীত অননুমোদিত মাত্রায় ব্যবহার পরিহার করুন।,সীমিত তথ্য; সতর্কতা (Limited data; caution),সীমিত তথ্য (Limited data),চিকিৎসকের পরামর্শ অনুযায়ী পরিমিত মাত্রায় সেব্য। কোনো জটিলতা বা অ্যালার্জি দেখা দিলে অবিলম্বে ওষুধ বন্ধ করে চিকিৎসকের শরণাপন্ন হতে হবে।
238,লিডোকেইন (Lidocaine),Lidocaine,লিডোকেইন,,Anesthetics,General/Regular Use,ব্যবহার/নির্দেশনা: স্থানীয় অবেদন (Local anesthesia)। ক্যাটেগরি: Anesthetics (General/Regular Use)। সেবন যোগ্যতা: Prescription।,অতিসংবেদনশীলতা (Allergy) থাকলে বা চিকিৎসকের সুস্পষ্ট পরামর্শ ব্যতীত অননুমোদিত মাত্রায় ব্যবহার পরিহার করুন।,নিরাপদ; সাধারণভাবে ব্যবহৃত (Safe; commonly used),সামঞ্জস্যপূর্ণ (Compatible),চিকিৎসকের পরামর্শ অনুযায়ী পরিমিত মাত্রায় সেব্য। কোনো জটিলতা বা অ্যালার্জি দেখা দিলে অবিলম্বে ওষুধ বন্ধ করে চিকিৎসকের শরণাপন্ন হতে হবে।
239,বুপিভাকেইন (Bupivacaine),Bupivacaine,বুপিভাকেইন,,Anesthetics,General/Regular Use,ব্যবহার/নির্দেশনা: স্থানীয়/এপিডুরাল অবেদন (Local/epidural anesthesia)। ক্যাটেগরি: Anesthetics (General/Regular Use)। সেবন যোগ্যতা: Prescription।,অতিসংবেদনশীলতা (Allergy) থাকলে বা চিকিৎসকের সুস্পষ্ট পরামর্শ ব্যতীত অননুমোদিত মাত্রায় ব্যবহার পরিহার করুন।,নিরাপদ; প্রসবকালীন এপিডুরালে ব্যবহৃত (Safe; commonly used in labor epidurals),সামঞ্জস্যপূর্ণ (Compatible),চিকিৎসকের পরামর্শ অনুযায়ী পরিমিত মাত্রায় সেব্য। কোনো জটিলতা বা অ্যালার্জি দেখা দিলে অবিলম্বে ওষুধ বন্ধ করে চিকিৎসকের শরণাপন্ন হতে হবে।
240,ক্লোরামফেনিকল চোখের ড্রপ (Chloramphenicol eye drops),Chloramphenicol eye drops,ক্লোরামফেনিকল চোখের ড্রপ,,Eye/ENT,General/Regular Use,ব্যবহার/নির্দেশনা: চোখের সংক্রমণ (Eye infection)। ক্যাটেগরি: Eye/ENT (General/Regular Use)। সেবন যোগ্যতা: Prescription।,অতিসংবেদনশীলতা (Allergy) থাকলে বা চিকিৎসকের সুস্পষ্ট পরামর্শ ব্যতীত অননুমোদিত মাত্রায় ব্যবহার পরিহার করুন।,সাধারণত নিরাপদ (স্থানীয়) (Generally safe topically),নিরাপদ (Safe),চিকিৎসকের পরামর্শ অনুযায়ী পরিমিত মাত্রায় সেব্য। কোনো জটিলতা বা অ্যালার্জি দেখা দিলে অবিলম্বে ওষুধ বন্ধ করে চিকিৎসকের শরণাপন্ন হতে হবে।
241,জাইলোমেটাজোলিন (নাসাল স্প্রে) (Xylometazoline (nasal spray)),Xylometazoline (nasal spray),জাইলোমেটাজোলিন (নাসাল স্প্রে),,Eye/ENT,General/Regular Use,ব্যবহার/নির্দেশনা: নাক বন্ধ হওয়া (Nasal congestion)। ক্যাটেগরি: Eye/ENT (General/Regular Use)। সেবন যোগ্যতা: OTC।,অতিসংবেদনশীলতা (Allergy) থাকলে বা চিকিৎসকের সুস্পষ্ট পরামর্শ ব্যতীত অননুমোদিত মাত্রায় ব্যবহার পরিহার করুন।,স্বল্পমেয়াদী ব্যবহারে সতর্কতা (Short-term use caution),সীমিত তথ্য (Limited data),চিকিৎসকের পরামর্শ অনুযায়ী পরিমিত মাত্রায় সেব্য। কোনো জটিলতা বা অ্যালার্জি দেখা দিলে অবিলম্বে ওষুধ বন্ধ করে চিকিৎসকের শরণাপন্ন হতে হবে।
242,সিপ্রোফ্লক্সাসিন কানের ড্রপ (Ciprofloxacin ear drops),Ciprofloxacin ear drops,সিপ্রোফ্লক্সাসিন কানের ড্রপ,,Eye/ENT,General/Regular Use,ব্যবহার/নির্দেশনা: কানের সংক্রমণ (Ear infection)। ক্যাটেগরি: Eye/ENT (General/Regular Use)। সেবন যোগ্যতা: Prescription।,অতিসংবেদনশীলতা (Allergy) থাকলে বা চিকিৎসকের সুস্পষ্ট পরামর্শ ব্যতীত অননুমোদিত মাত্রায় ব্যবহার পরিহার করুন।,"সাধারণত নিরাপদ (স্থানীয়, ন্যূনতম শোষণ) (Generally safe topically (minimal systemic absorption))",নিরাপদ (Safe),চিকিৎসকের পরামর্শ অনুযায়ী পরিমিত মাত্রায় সেব্য। কোনো জটিলতা বা অ্যালার্জি দেখা দিলে অবিলম্বে ওষুধ বন্ধ করে চিকিৎসকের শরণাপন্ন হতে হবে।
243,টিমোলল চোখের ড্রপ (Timolol eye drops),Timolol eye drops,টিমোলল চোখের ড্রপ,,Eye/ENT,General/Regular Use,ব্যবহার/নির্দেশনা: গ্লুকোমা (Glaucoma)। ক্যাটেগরি: Eye/ENT (General/Regular Use)। সেবন যোগ্যতা: Prescription।,অতিসংবেদনশীলতা (Allergy) থাকলে বা চিকিৎসকের সুস্পষ্ট পরামর্শ ব্যতীত অননুমোদিত মাত্রায় ব্যবহার পরিহার করুন।,সতর্কতার সাথে ব্যবহৃত (Used with caution (some systemic absorption possible)),সীমিত তথ্য; সতর্কতা (Limited data; caution),চিকিৎসকের পরামর্শ অনুযায়ী পরিমিত মাত্রায় সেব্য। কোনো জটিলতা বা অ্যালার্জি দেখা দিলে অবিলম্বে ওষুধ বন্ধ করে চিকিৎসকের শরণাপন্ন হতে হবে।
244,ট্রোপিকামাইড (চোখের ড্রপ) (Tropicamide (eye drops)),Tropicamide (eye drops),ট্রোপিকামাইড (চোখের ড্রপ),,Eye/ENT,General/Regular Use,ব্যবহার/নির্দেশনা: চোখ পরীক্ষা (Pupil dilation (eye exam))। ক্যাটেগরি: Eye/ENT (General/Regular Use)। সেবন যোগ্যতা: Prescription।,অতিসংবেদনশীলতা (Allergy) থাকলে বা চিকিৎসকের সুস্পষ্ট পরামর্শ ব্যতীত অননুমোদিত মাত্রায় ব্যবহার পরিহার করুন।,সাধারণত নিরাপদ (স্থানীয়) (Generally safe topically),নিরাপদ (Safe),চিকিৎসকের পরামর্শ অনুযায়ী পরিমিত মাত্রায় সেব্য। কোনো জটিলতা বা অ্যালার্জি দেখা দিলে অবিলম্বে ওষুধ বন্ধ করে চিকিৎসকের শরণাপন্ন হতে হবে।
245,পোভিডোন-আয়োডিন (Povidone-iodine),Povidone-iodine,পোভিডোন-আয়োডিন,,Antiseptics/Topical,General/Regular Use,ব্যবহার/নির্দেশনা: ক্ষত জীবাণুনাশক (Wound antiseptic)। ক্যাটেগরি: Antiseptics/Topical (General/Regular Use)। সেবন যোগ্যতা: OTC।,অতিসংবেদনশীলতা (Allergy) থাকলে বা চিকিৎসকের সুস্পষ্ট পরামর্শ ব্যতীত অননুমোদিত মাত্রায় ব্যবহার পরিহার করুন।,"দীর্ঘমেয়াদী/বড় এলাকায় ব্যবহারে সতর্কতা (Caution with prolonged/large-area use (iodine absorption, fetal thyroid))",সতর্কতা - শিশুর থাইরয়েড প্রভাবিত হতে পারে (Caution - can affect infant thyroid via absorption),চিকিৎসকের পরামর্শ অনুযায়ী পরিমিত মাত্রায় সেব্য। কোনো জটিলতা বা অ্যালার্জি দেখা দিলে অবিলম্বে ওষুধ বন্ধ করে চিকিৎসকের শরণাপন্ন হতে হবে।
246,ক্লোরহেক্সিডিন (Chlorhexidine),Chlorhexidine,ক্লোরহেক্সিডিন,,Antiseptics/Topical,General/Regular Use,"ব্যবহার/নির্দেশনা: জীবাণুনাশক (Antiseptic (skin, mouth))। ক্যাটেগরি: Antiseptics/Topical (General/Regular Use)। সেবন যোগ্যতা: OTC।",অতিসংবেদনশীলতা (Allergy) থাকলে বা চিকিৎসকের সুস্পষ্ট পরামর্শ ব্যতীত অননুমোদিত মাত্রায় ব্যবহার পরিহার করুন।,নিরাপদ বিবেচিত (স্থানীয়) (Considered safe topical),নিরাপদ (Safe),চিকিৎসকের পরামর্শ অনুযায়ী পরিমিত মাত্রায় সেব্য। কোনো জটিলতা বা অ্যালার্জি দেখা দিলে অবিলম্বে ওষুধ বন্ধ করে চিকিৎসকের শরণাপন্ন হতে হবে।
247,নিম (Neem),Neem,নিম,,Herbal/Alternative,General/Regular Use,ব্যবহার/নির্দেশনা: ঐতিহ্যগত ত্বক/জীবাণুনাশক ব্যবহার (Traditional skin/antiseptic use)। ক্যাটেগরি: Herbal/Alternative (General/Regular Use)। সেবন যোগ্যতা: OTC।,অতিসংবেদনশীলতা (Allergy) থাকলে বা চিকিৎসকের সুস্পষ্ট পরামর্শ ব্যতীত অননুমোদিত মাত্রায় ব্যবহার পরিহার করুন।,সীমিত/কোনো আনুষ্ঠানিক তথ্য নেই - সতর্কতা প্রয়োজন (Limited/no formal safety data - caution advised),সীমিত তথ্য (Limited data),চিকিৎসকের পরামর্শ অনুযায়ী পরিমিত মাত্রায় সেব্য। কোনো জটিলতা বা অ্যালার্জি দেখা দিলে অবিলম্বে ওষুধ বন্ধ করে চিকিৎসকের শরণাপন্ন হতে হবে।
248,হলুদ (সাপ্লিমেন্ট মাত্রা) (Turmeric (supplement dose)),Turmeric (supplement dose),হলুদ (সাপ্লিমেন্ট মাত্রা),,Herbal/Alternative,General/Regular Use,ব্যবহার/নির্দেশনা: প্রদাহ বিরোধী (ঐতিহ্যগত) (Anti-inflammatory (traditional))। ক্যাটেগরি: Herbal/Alternative (General/Regular Use)। সেবন যোগ্যতা: OTC।,অতিসংবেদনশীলতা (Allergy) থাকলে বা চিকিৎসকের সুস্পষ্ট পরামর্শ ব্যতীত অননুমোদিত মাত্রায় ব্যবহার পরিহার করুন।,রান্নায় ব্যবহার নিরাপদ; উচ্চ মাত্রার সাপ্লিমেন্টে সীমিত তথ্য (Culinary use safe; high-dose supplement use has limited data),রান্নায় ব্যবহার নিরাপদ (Culinary use safe),চিকিৎসকের পরামর্শ অনুযায়ী পরিমিত মাত্রায় সেব্য। কোনো জটিলতা বা অ্যালার্জি দেখা দিলে অবিলম্বে ওষুধ বন্ধ করে চিকিৎসকের শরণাপন্ন হতে হবে।
249,আদা (সাপ্লিমেন্ট মাত্রা) (Ginger (supplement dose)),Ginger (supplement dose),আদা (সাপ্লিমেন্ট মাত্রা),,Herbal/Alternative,General/Regular Use,"ব্যবহার/নির্দেশনা: বমি বমি ভাব, হজম (Nausea, digestion)। ক্যাটেগরি: Herbal/Alternative (General/Regular Use)। সেবন যোগ্যতা: OTC।",অতিসংবেদনশীলতা (Allergy) থাকলে বা চিকিৎসকের সুস্পষ্ট পরামর্শ ব্যতীত অননুমোদিত মাত্রায় ব্যবহার পরিহার করুন।,মাঝারি ব্যবহারে বমি বমি ভাবের জন্য সাধারণত নিরাপদ (Generally considered safe for nausea in moderate use),সাধারণত নিরাপদ বিবেচিত (Generally considered safe),চিকিৎসকের পরামর্শ অনুযায়ী পরিমিত মাত্রায় সেব্য। কোনো জটিলতা বা অ্যালার্জি দেখা দিলে অবিলম্বে ওষুধ বন্ধ করে চিকিৎসকের শরণাপন্ন হতে হবে।
250,মেথি (Fenugreek),Fenugreek,মেথি,,Herbal/Alternative,General/Regular Use,ব্যবহার/নির্দেশনা: ঐতিহ্যগত দুধ বৃদ্ধিকারী (Traditional galactagogue)। ক্যাটেগরি: Herbal/Alternative (General/Regular Use)। সেবন যোগ্যতা: OTC।,অতিসংবেদনশীলতা (Allergy) থাকলে বা চিকিৎসকের সুস্পষ্ট পরামর্শ ব্যতীত অননুমোদিত মাত্রায় ব্যবহার পরিহার করুন।,গর্ভাবস্থায় সতর্কতা (জরায়ু উদ্দীপক প্রভাব) (Caution in pregnancy (uterine stimulant properties reported)),গ্যালাক্টাগগ হিসেবে ব্যবহৃত - সীমিত আনুষ্ঠানিক তথ্য (Used as a galactagogue - limited formal evidence of efficacy/safety),চিকিৎসকের পরামর্শ অনুযায়ী পরিমিত মাত্রায় সেব্য। কোনো জটিলতা বা অ্যালার্জি দেখা দিলে অবিলম্বে ওষুধ বন্ধ করে চিকিৎসকের শরণাপন্ন হতে হবে।
251,মৌরি (Fennel),Fennel,মৌরি,,Herbal/Alternative,General/Regular Use,"ব্যবহার/নির্দেশনা: ঐতিহ্যগত দুধ বৃদ্ধিকারী, হজম (Traditional galactagogue, digestion)। ক্যাটেগরি: Herbal/Alternative (General/Regular Use)। সেবন যোগ্যতা: OTC।",অতিসংবেদনশীলতা (Allergy) থাকলে বা চিকিৎসকের সুস্পষ্ট পরামর্শ ব্যতীত অননুমোদিত মাত্রায় ব্যবহার পরিহার করুন।,রান্নায় ব্যবহার নিরাপদ; উচ্চ মাত্রায় সতর্কতা (Culinary use safe; high-dose supplement caution),ঐতিহ্যগতভাবে গ্যালাক্টাগগ হিসেবে ব্যবহৃত - সীমিত তথ্য (Used traditionally as a galactagogue - limited formal evidence),চিকিৎসকের পরামর্শ অনুযায়ী পরিমিত মাত্রায় সেব্য। কোনো জটিলতা বা অ্যালার্জি দেখা দিলে অবিলম্বে ওষুধ বন্ধ করে চিকিৎসকের শরণাপন্ন হতে হবে।
252,টিডিএপি টিকা (Tdap vaccine),Tdap vaccine,টিডিএপি টিকা,,Vaccines,General/Regular Use,ব্যবহার/নির্দেশনা: টিটেনাস/ডিপথেরিয়া/হুপিং কাশি প্রতিরোধ (Tetanus/diphtheria/pertussis prevention)। ক্যাটেগরি: Vaccines (General/Regular Use)। সেবন যোগ্যতা: Prescription।,অতিসংবেদনশীলতা (Allergy) থাকলে বা চিকিৎসকের সুস্পষ্ট পরামর্শ ব্যতীত অননুমোদিত মাত্রায় ব্যবহার পরিহার করুন।,প্রতিটি গর্ভাবস্থায় সুপারিশকৃত (Recommended during pregnancy (each pregnancy)),নিরাপদ (Safe),চিকিৎসকের পরামর্শ অনুযায়ী পরিমিত মাত্রায় সেব্য। কোনো জটিলতা বা অ্যালার্জি দেখা দিলে অবিলম্বে ওষুধ বন্ধ করে চিকিৎসকের শরণাপন্ন হতে হবে।
253,ইনফ্লুয়েঞ্জা টিকা (নিষ্ক্রিয়) (Influenza vaccine (inactivated)),Influenza vaccine (inactivated),ইনফ্লুয়েঞ্জা টিকা (নিষ্ক্রিয়),,Vaccines,General/Regular Use,ব্যবহার/নির্দেশনা: ফ্লু প্রতিরোধ (Flu prevention)। ক্যাটেগরি: Vaccines (General/Regular Use)। সেবন যোগ্যতা: Prescription।,অতিসংবেদনশীলতা (Allergy) থাকলে বা চিকিৎসকের সুস্পষ্ট পরামর্শ ব্যতীত অননুমোদিত মাত্রায় ব্যবহার পরিহার করুন।,গর্ভাবস্থায় সুপারিশকৃত (Recommended during pregnancy),নিরাপদ (Safe),চিকিৎসকের পরামর্শ অনুযায়ী পরিমিত মাত্রায় সেব্য। কোনো জটিলতা বা অ্যালার্জি দেখা দিলে অবিলম্বে ওষুধ বন্ধ করে চিকিৎসকের শরণাপন্ন হতে হবে।
254,এমএমআর টিকা (জীবিত) (MMR vaccine (live)),MMR vaccine (live),এমএমআর টিকা (জীবিত),,Vaccines,General/Regular Use,ব্যবহার/নির্দেশনা: হাম/মাম্পস/রুবেলা প্রতিরোধ (Measles/mumps/rubella prevention)। ক্যাটেগরি: Vaccines (General/Regular Use)। সেবন যোগ্যতা: Prescription।,অতিসংবেদনশীলতা (Allergy) থাকলে বা চিকিৎসকের সুস্পষ্ট পরামর্শ ব্যতীত অননুমোদিত মাত্রায় ব্যবহার পরিহার করুন।,নিষিদ্ধ (জীবিত টিকা) (CONTRAINDICATED during pregnancy (live vaccine)),স্তন্যদানে সাধারণত নিরাপদ (Generally safe during breastfeeding),চিকিৎসকের পরামর্শ অনুযায়ী পরিমিত মাত্রায় সেব্য। কোনো জটিলতা বা অ্যালার্জি দেখা দিলে অবিলম্বে ওষুধ বন্ধ করে চিকিৎসকের শরণাপন্ন হতে হবে।
255,প্যারাসিটামল + ক্যাফেইন (Paracetamol + Caffeine (combo)),Paracetamol + Caffeine (combo),প্যারাসিটামল + ক্যাফেইন,,Combination OTC Products,General/Regular Use,"ব্যবহার/নির্দেশনা: ব্যথা, জ্বর (Pain, fever (enhanced))। ক্যাটেগরি: Combination OTC Products (General/Regular Use)। সেবন যোগ্যতা: OTC।",অতিসংবেদনশীলতা (Allergy) থাকলে বা চিকিৎসকের সুস্পষ্ট পরামর্শ ব্যতীত অননুমোদিত মাত্রায় ব্যবহার পরিহার করুন।,প্যারাসিটামলের মতো সতর্কতা; ক্যাফেইন সীমিত করুন (Same caution as paracetamol; limit caffeine intake),মাঝারি ব্যবহারে সাধারণত সামঞ্জস্যপূর্ণ (Generally compatible in moderation),চিকিৎসকের পরামর্শ অনুযায়ী পরিমিত মাত্রায় সেব্য। কোনো জটিলতা বা অ্যালার্জি দেখা দিলে অবিলম্বে ওষুধ বন্ধ করে চিকিৎসকের শরণাপন্ন হতে হবে।
256,সেটিরিজিন + সিউডোএফেড্রিন (Cetirizine + Pseudoephedrine (combo)),Cetirizine + Pseudoephedrine (combo),সেটিরিজিন + সিউডোএফেড্রিন,,Combination OTC Products,General/Regular Use,ব্যবহার/নির্দেশনা: এলার্জি ও নাক বন্ধ (Allergy with nasal congestion)। ক্যাটেগরি: Combination OTC Products (General/Regular Use)। সেবন যোগ্যতা: OTC।,অতিসংবেদনশীলতা (Allergy) থাকলে বা চিকিৎসকের সুস্পষ্ট পরামর্শ ব্যতীত অননুমোদিত মাত্রায় ব্যবহার পরিহার করুন।,সিউডোএফেড্রিনের কারণে সতর্কতা (Caution due to pseudoephedrine component),সতর্কতা; দুধ কমাতে পারে (Caution; may reduce milk supply),চিকিৎসকের পরামর্শ অনুযায়ী পরিমিত মাত্রায় সেব্য। কোনো জটিলতা বা অ্যালার্জি দেখা দিলে অবিলম্বে ওষুধ বন্ধ করে চিকিৎসকের শরণাপন্ন হতে হবে।
257,লোরাটাডিন + সিউডোএফেড্রিন (Loratadine + Pseudoephedrine (combo)),Loratadine + Pseudoephedrine (combo),লোরাটাডিন + সিউডোএফেড্রিন,,Combination OTC Products,General/Regular Use,ব্যবহার/নির্দেশনা: এলার্জি ও নাক বন্ধ (Allergy with nasal congestion)। ক্যাটেগরি: Combination OTC Products (General/Regular Use)। সেবন যোগ্যতা: OTC।,অতিসংবেদনশীলতা (Allergy) থাকলে বা চিকিৎসকের সুস্পষ্ট পরামর্শ ব্যতীত অননুমোদিত মাত্রায় ব্যবহার পরিহার করুন।,সিউডোএফেড্রিনের কারণে সতর্কতা (Caution due to pseudoephedrine component),সতর্কতা; দুধ কমাতে পারে (Caution; may reduce milk supply),চিকিৎসকের পরামর্শ অনুযায়ী পরিমিত মাত্রায় সেব্য। কোনো জটিলতা বা অ্যালার্জি দেখা দিলে অবিলম্বে ওষুধ বন্ধ করে চিকিৎসকের শরণাপন্ন হতে হবে।
258,অ্যান্টাসিড কম্বো (Antacid combo (Al-Mg-Simethicone)),Antacid combo (Al-Mg-Simethicone),অ্যান্টাসিড কম্বো,,Combination OTC Products,General/Regular Use,"ব্যবহার/নির্দেশনা: এসিডিটি, গ্যাস (Acidity, gas)। ক্যাটেগরি: Combination OTC Products (General/Regular Use)। সেবন যোগ্যতা: OTC।",অতিসংবেদনশীলতা (Allergy) থাকলে বা চিকিৎসকের সুস্পষ্ট পরামর্শ ব্যতীত অননুমোদিত মাত্রায় ব্যবহার পরিহার করুন।,সাধারণত নিরাপদ (Generally safe),নিরাপদ (Safe),চিকিৎসকের পরামর্শ অনুযায়ী পরিমিত মাত্রায় সেব্য। কোনো জটিলতা বা অ্যালার্জি দেখা দিলে অবিলম্বে ওষুধ বন্ধ করে চিকিৎসকের শরণাপন্ন হতে হবে।
259,কাশির সিরাপ কম্বো (Dextromethorphan + Guaifenesin (cough syrup)),Dextromethorphan + Guaifenesin (cough syrup),কাশির সিরাপ কম্বো,,Combination OTC Products,General/Regular Use,ব্যবহার/নির্দেশনা: কাশি ও কফ (Cough with chest congestion)। ক্যাটেগরি: Combination OTC Products (General/Regular Use)। সেবন যোগ্যতা: OTC।,অতিসংবেদনশীলতা (Allergy) থাকলে বা চিকিৎসকের সুস্পষ্ট পরামর্শ ব্যতীত অননুমোদিত মাত্রায় ব্যবহার পরিহার করুন।,সীমিত তথ্য; সাধারণত কম ঝুঁকি (Limited data; generally low risk),সীমিত তথ্য (Limited data),চিকিৎসকের পরামর্শ অনুযায়ী পরিমিত মাত্রায় সেব্য। কোনো জটিলতা বা অ্যালার্জি দেখা দিলে অবিলম্বে ওষুধ বন্ধ করে চিকিৎসকের শরণাপন্ন হতে হবে।
260,ওমেগা-৩ (মাছের তেল) (Omega-3 (Fish oil)),Omega-3 (Fish oil),ওমেগা-৩ (মাছের তেল),,Vitamins/Supplements (Daily Use),General/Regular Use,ব্যবহার/নির্দেশনা: হৃদযন্ত্র/মস্তিষ্কের স্বাস্থ্য (Heart/brain health supplement)। ক্যাটেগরি: Vitamins/Supplements (Daily Use) (General/Regular Use)। সেবন যোগ্যতা: OTC।,অতিসংবেদনশীলতা (Allergy) থাকলে বা চিকিৎসকের সুস্পষ্ট পরামর্শ ব্যতীত অননুমোদিত মাত্রায় ব্যবহার পরিহার করুন।,সাধারণত নিরাপদ; প্রায়ই সুপারিশকৃত (Generally safe; often recommended),নিরাপদ (Safe),চিকিৎসকের পরামর্শ অনুযায়ী পরিমিত মাত্রায় সেব্য। কোনো জটিলতা বা অ্যালার্জি দেখা দিলে অবিলম্বে ওষুধ বন্ধ করে চিকিৎসকের শরণাপন্ন হতে হবে।
261,প্রোবায়োটিক (Probiotics (Lactobacillus)),Probiotics (Lactobacillus),প্রোবায়োটিক,,Vitamins/Supplements (Daily Use),General/Regular Use,"ব্যবহার/নির্দেশনা: পেটের স্বাস্থ্য (Gut health, diarrhea prevention)। ক্যাটেগরি: Vitamins/Supplements (Daily Use) (General/Regular Use)। সেবন যোগ্যতা: OTC।",অতিসংবেদনশীলতা (Allergy) থাকলে বা চিকিৎসকের সুস্পষ্ট পরামর্শ ব্যতীত অননুমোদিত মাত্রায় ব্যবহার পরিহার করুন।,সাধারণত নিরাপদ বিবেচিত (Generally considered safe),নিরাপদ (Safe),চিকিৎসকের পরামর্শ অনুযায়ী পরিমিত মাত্রায় সেব্য। কোনো জটিলতা বা অ্যালার্জি দেখা দিলে অবিলম্বে ওষুধ বন্ধ করে চিকিৎসকের শরণাপন্ন হতে হবে।
262,আয়রন পলিম্যালটোজ কমপ্লেক্স (Iron polymaltose complex),Iron polymaltose complex,আয়রন পলিম্যালটোজ কমপ্লেক্স,,Vitamins/Supplements (Daily Use),General/Regular Use,ব্যবহার/নির্দেশনা: আয়রনের ঘাটতি (বিকল্প) (Iron-deficiency anemia (alternative))। ক্যাটেগরি: Vitamins/Supplements (Daily Use) (General/Regular Use)। সেবন যোগ্যতা: OTC।,অতিসংবেদনশীলতা (Allergy) থাকলে বা চিকিৎসকের সুস্পষ্ট পরামর্শ ব্যতীত অননুমোদিত মাত্রায় ব্যবহার পরিহার করুন।,ফেরাস লবণের নিরাপদ বিকল্প বিবেচিত (Considered safe alternative to ferrous salts),নিরাপদ (Safe),চিকিৎসকের পরামর্শ অনুযায়ী পরিমিত মাত্রায় সেব্য। কোনো জটিলতা বা অ্যালার্জি দেখা দিলে অবিলম্বে ওষুধ বন্ধ করে চিকিৎসকের শরণাপন্ন হতে হবে।
263,ভিটামিন বি-কমপ্লেক্স (Vitamin B-complex),Vitamin B-complex,ভিটামিন বি-কমপ্লেক্স,,Vitamins/Supplements (Daily Use),General/Regular Use,"ব্যবহার/নির্দেশনা: ভিটামিন বি ঘাটতি (Vitamin B deficiency, nerve health)। ক্যাটেগরি: Vitamins/Supplements (Daily Use) (General/Regular Use)। সেবন যোগ্যতা: OTC।",অতিসংবেদনশীলতা (Allergy) থাকলে বা চিকিৎসকের সুস্পষ্ট পরামর্শ ব্যতীত অননুমোদিত মাত্রায় ব্যবহার পরিহার করুন।,নিরাপদ (Safe),নিরাপদ (Safe),চিকিৎসকের পরামর্শ অনুযায়ী পরিমিত মাত্রায় সেব্য। কোনো জটিলতা বা অ্যালার্জি দেখা দিলে অবিলম্বে ওষুধ বন্ধ করে চিকিৎসকের শরণাপন্ন হতে হবে।
264,ক্যালসিয়াম + ভিটামিন ডি কম্বো (Calcium + Vitamin D combo),Calcium + Vitamin D combo,ক্যালসিয়াম + ভিটামিন ডি কম্বো,,Vitamins/Supplements (Daily Use),General/Regular Use,ব্যবহার/নির্দেশনা: হাড়ের স্বাস্থ্য (Bone health)। ক্যাটেগরি: Vitamins/Supplements (Daily Use) (General/Regular Use)। সেবন যোগ্যতা: OTC।,অতিসংবেদনশীলতা (Allergy) থাকলে বা চিকিৎসকের সুস্পষ্ট পরামর্শ ব্যতীত অননুমোদিত মাত্রায় ব্যবহার পরিহার করুন।,নিরাপদ (Safe),নিরাপদ (Safe),চিকিৎসকের পরামর্শ অনুযায়ী পরিমিত মাত্রায় সেব্য। কোনো জটিলতা বা অ্যালার্জি দেখা দিলে অবিলম্বে ওষুধ বন্ধ করে চিকিৎসকের শরণাপন্ন হতে হবে।
265,মাল্টিভিটামিন গামি (Multivitamin gummies),Multivitamin gummies,মাল্টিভিটামিন গামি,,Vitamins/Supplements (Daily Use),General/Regular Use,ব্যবহার/নির্দেশনা: সাধারণ সাপ্লিমেন্ট (General supplementation)। ক্যাটেগরি: Vitamins/Supplements (Daily Use) (General/Regular Use)। সেবন যোগ্যতা: OTC।,অতিসংবেদনশীলতা (Allergy) থাকলে বা চিকিৎসকের সুস্পষ্ট পরামর্শ ব্যতীত অননুমোদিত মাত্রায় ব্যবহার পরিহার করুন।,সুপারিশকৃত মাত্রায় নিরাপদ (Safe at recommended doses),নিরাপদ (Safe),চিকিৎসকের পরামর্শ অনুযায়ী পরিমিত মাত্রায় সেব্য। কোনো জটিলতা বা অ্যালার্জি দেখা দিলে অবিলম্বে ওষুধ বন্ধ করে চিকিৎসকের শরণাপন্ন হতে হবে।
266,মিনোক্সিডিল (স্থানীয়) (Minoxidil (topical)),Minoxidil (topical),মিনোক্সিডিল (স্থানীয়),,Hair/Skin (Cosmetic-Adjacent),General/Regular Use,ব্যবহার/নির্দেশনা: চুল পড়া (Hair loss)। ক্যাটেগরি: Hair/Skin (Cosmetic-Adjacent) (General/Regular Use)। সেবন যোগ্যতা: OTC।,অতিসংবেদনশীলতা (Allergy) থাকলে বা চিকিৎসকের সুস্পষ্ট পরামর্শ ব্যতীত অননুমোদিত মাত্রায় ব্যবহার পরিহার করুন।,সতর্কতা - গর্ভাবস্থায় এড়িয়ে চলুন (Caution - avoid in pregnancy (limited safety data)),সতর্কতা; সীমিত তথ্য (Caution; limited data),চিকিৎসকের পরামর্শ অনুযায়ী পরিমিত মাত্রায় সেব্য। কোনো জটিলতা বা অ্যালার্জি দেখা দিলে অবিলম্বে ওষুধ বন্ধ করে চিকিৎসকের শরণাপন্ন হতে হবে।
267,ফিনাস্টেরাইড (Finasteride),Finasteride,ফিনাস্টেরাইড,,Hair/Skin (Cosmetic-Adjacent),General/Regular Use,"ব্যবহার/নির্দেশনা: চুল পড়া, প্রোস্টেট বৃদ্ধি (Hair loss, enlarged prostate)। ক্যাটেগরি: Hair/Skin (Cosmetic-Adjacent) (General/Regular Use)। সেবন যোগ্যতা: Prescription।",অতিসংবেদনশীলতা (Allergy) থাকলে বা চিকিৎসকের সুস্পষ্ট পরামর্শ ব্যতীত অননুমোদিত মাত্রায় ব্যবহার পরিহার করুন।,নিষিদ্ধ - গর্ভবতী নারীদের জন্য বিপজ্জনক (CONTRAINDICATED for women who are/may become pregnant (fetal harm to male fetus)),সাধারণত স্তন্যদানকারী নারীরা ব্যবহার করেন না (Not typically used by breastfeeding women),চিকিৎসকের পরামর্শ অনুযায়ী পরিমিত মাত্রায় সেব্য। কোনো জটিলতা বা অ্যালার্জি দেখা দিলে অবিলম্বে ওষুধ বন্ধ করে চিকিৎসকের শরণাপন্ন হতে হবে।
268,হাইড্রোকুইনোন (Hydroquinone),Hydroquinone,হাইড্রোকুইনোন,,Hair/Skin (Cosmetic-Adjacent),General/Regular Use,ব্যবহার/নির্দেশনা: ত্বক উজ্জ্বলকরণ (Skin lightening/pigmentation)। ক্যাটেগরি: Hair/Skin (Cosmetic-Adjacent) (General/Regular Use)। সেবন যোগ্যতা: Prescription।,অতিসংবেদনশীলতা (Allergy) থাকলে বা চিকিৎসকের সুস্পষ্ট পরামর্শ ব্যতীত অননুমোদিত মাত্রায় ব্যবহার পরিহার করুন।,সতর্কতা; গর্ভাবস্থায় ব্যাপক ব্যবহার এড়িয়ে চলুন (Caution; avoid extensive use in pregnancy),সীমিত তথ্য; সতর্কতা (Limited data; caution),চিকিৎসকের পরামর্শ অনুযায়ী পরিমিত মাত্রায় সেব্য। কোনো জটিলতা বা অ্যালার্জি দেখা দিলে অবিলম্বে ওষুধ বন্ধ করে চিকিৎসকের শরণাপন্ন হতে হবে।
269,অ্যাডাপালিন (Adapalene),Adapalene,অ্যাডাপালিন,,Hair/Skin (Cosmetic-Adjacent),General/Regular Use,ব্যবহার/নির্দেশনা: ব্রণ (Acne)। ক্যাটেগরি: Hair/Skin (Cosmetic-Adjacent) (General/Regular Use)। সেবন যোগ্যতা: Prescription।,অতিসংবেদনশীলতা (Allergy) থাকলে বা চিকিৎসকের সুস্পষ্ট পরামর্শ ব্যতীত অননুমোদিত মাত্রায় ব্যবহার পরিহার করুন।,"সতর্কতা; গর্ভাবস্থায় এড়ানো হয় (Caution; topical retinoid, avoided in pregnancy)",সীমিত তথ্য; সতর্কতা (Limited data; caution),চিকিৎসকের পরামর্শ অনুযায়ী পরিমিত মাত্রায় সেব্য। কোনো জটিলতা বা অ্যালার্জি দেখা দিলে অবিলম্বে ওষুধ বন্ধ করে চিকিৎসকের শরণাপন্ন হতে হবে।
270,মেলাটোনিন (Melatonin),Melatonin,মেলাটোনিন,,Sleep Aids,General/Regular Use,"ব্যবহার/নির্দেশনা: অনিদ্রা (Insomnia, jet lag)। ক্যাটেগরি: Sleep Aids (General/Regular Use)। সেবন যোগ্যতা: OTC।",অতিসংবেদনশীলতা (Allergy) থাকলে বা চিকিৎসকের সুস্পষ্ট পরামর্শ ব্যতীত অননুমোদিত মাত্রায় ব্যবহার পরিহার করুন।,সীমিত তথ্য; সতর্কতা (Limited data; caution),সীমিত তথ্য; সতর্কতা (Limited data; caution),চিকিৎসকের পরামর্শ অনুযায়ী পরিমিত মাত্রায় সেব্য। কোনো জটিলতা বা অ্যালার্জি দেখা দিলে অবিলম্বে ওষুধ বন্ধ করে চিকিৎসকের শরণাপন্ন হতে হবে।
271,জোপিক্লোন (Zopiclone),Zopiclone,জোপিক্লোন,,Sleep Aids,General/Regular Use,ব্যবহার/নির্দেশনা: অনিদ্রা (Insomnia)। ক্যাটেগরি: Sleep Aids (General/Regular Use)। সেবন যোগ্যতা: Prescription।,অতিসংবেদনশীলতা (Allergy) থাকলে বা চিকিৎসকের সুস্পষ্ট পরামর্শ ব্যতীত অননুমোদিত মাত্রায় ব্যবহার পরিহার করুন।,সতর্কতা; নিদ্রাকারক শ্রেণির ঝুঁকি (Caution; sedative-hypnotic class risks),সতর্কতা - ঘুম ঘুম ভাব (Caution - sedating),চিকিৎসকের পরামর্শ অনুযায়ী পরিমিত মাত্রায় সেব্য। কোনো জটিলতা বা অ্যালার্জি দেখা দিলে অবিলম্বে ওষুধ বন্ধ করে চিকিৎসকের শরণাপন্ন হতে হবে।
272,অরলিস্ট্যাট (Orlistat),Orlistat,অরলিস্ট্যাট,,Weight Management,General/Regular Use,ব্যবহার/নির্দেশনা: ওজন ব্যবস্থাপনা (Weight management)। ক্যাটেগরি: Weight Management (General/Regular Use)। সেবন যোগ্যতা: Prescription।,অতিসংবেদনশীলতা (Allergy) থাকলে বা চিকিৎসকের সুস্পষ্ট পরামর্শ ব্যতীত অননুমোদিত মাত্রায় ব্যবহার পরিহার করুন।,গর্ভাবস্থায় সুপারিশ করা হয় না (Not recommended in pregnancy),সুপারিশ করা হয় না (Not recommended),চিকিৎসকের পরামর্শ অনুযায়ী পরিমিত মাত্রায় সেব্য। কোনো জটিলতা বা অ্যালার্জি দেখা দিলে অবিলম্বে ওষুধ বন্ধ করে চিকিৎসকের শরণাপন্ন হতে হবে।
273,ফেন্টারমিন (Phentermine),Phentermine,ফেন্টারমিন,,Weight Management,General/Regular Use,ব্যবহার/নির্দেশনা: ওজন ব্যবস্থাপনা (Weight management (short-term))। ক্যাটেগরি: Weight Management (General/Regular Use)। সেবন যোগ্যতা: Prescription।,অতিসংবেদনশীলতা (Allergy) থাকলে বা চিকিৎসকের সুস্পষ্ট পরামর্শ ব্যতীত অননুমোদিত মাত্রায় ব্যবহার পরিহার করুন।,নিষিদ্ধ (গর্ভাবস্থায়) (CONTRAINDICATED in pregnancy),এড়ানো হয় (Avoided),চিকিৎসকের পরামর্শ অনুযায়ী পরিমিত মাত্রায় সেব্য। কোনো জটিলতা বা অ্যালার্জি দেখা দিলে অবিলম্বে ওষুধ বন্ধ করে চিকিৎসকের শরণাপন্ন হতে হবে।
274,ডাইক্লোফেনাক জেল (Diclofenac gel (topical)),Diclofenac gel (topical),ডাইক্লোফেনাক জেল,,Topical Pain Relief,General/Regular Use,"ব্যবহার/নির্দেশনা: স্থানীয় ব্যথা, প্রদাহ (Localized pain, inflammation)। ক্যাটেগরি: Topical Pain Relief (General/Regular Use)। সেবন যোগ্যতা: OTC।",অতিসংবেদনশীলতা (Allergy) থাকলে বা চিকিৎসকের সুস্পষ্ট পরামর্শ ব্যতীত অননুমোদিত মাত্রায় ব্যবহার পরিহার করুন।,"কম শোষণ; তবুও তৃতীয় ত্রৈমাসিকে সতর্কতা (Minimal absorption; generally considered lower risk than oral, but caution 3rd trimester)",সাধারণত সামঞ্জস্যপূর্ণ (Generally compatible),চিকিৎসকের পরামর্শ অনুযায়ী পরিমিত মাত্রায় সেব্য। কোনো জটিলতা বা অ্যালার্জি দেখা দিলে অবিলম্বে ওষুধ বন্ধ করে চিকিৎসকের শরণাপন্ন হতে হবে।
275,মেন্থল/মিথাইল স্যালিসাইলেট বাম (Menthol/methyl salicylate balm),Menthol/methyl salicylate balm,মেন্থল/মিথাইল স্যালিসাইলেট বাম,,Topical Pain Relief,General/Regular Use,ব্যবহার/নির্দেশনা: পেশী/জয়েন্ট ব্যথা (Muscle/joint pain relief (topical))। ক্যাটেগরি: Topical Pain Relief (General/Regular Use)। সেবন যোগ্যতা: OTC।,অতিসংবেদনশীলতা (Allergy) থাকলে বা চিকিৎসকের সুস্পষ্ট পরামর্শ ব্যতীত অননুমোদিত মাত্রায় ব্যবহার পরিহার করুন।,ব্যাপক ব্যবহারে সতর্কতা (Caution with extensive use (salicylate absorption)),স্বাভাবিক ব্যবহারে সাধারণত নিরাপদ (Generally safe in normal use),চিকিৎসকের পরামর্শ অনুযায়ী পরিমিত মাত্রায় সেব্য। কোনো জটিলতা বা অ্যালার্জি দেখা দিলে অবিলম্বে ওষুধ বন্ধ করে চিকিৎসকের শরণাপন্ন হতে হবে।
276,ক্যাপসাইসিন ক্রিম (Capsaicin cream),Capsaicin cream,ক্যাপসাইসিন ক্রিম,,Topical Pain Relief,General/Regular Use,ব্যবহার/নির্দেশনা: স্নায়ু/জয়েন্ট ব্যথা (Nerve/joint pain (topical))। ক্যাটেগরি: Topical Pain Relief (General/Regular Use)। সেবন যোগ্যতা: OTC।,অতিসংবেদনশীলতা (Allergy) থাকলে বা চিকিৎসকের সুস্পষ্ট পরামর্শ ব্যতীত অননুমোদিত মাত্রায় ব্যবহার পরিহার করুন।,সাধারণত নিরাপদ (স্থানীয়) (Generally considered safe topical),নিরাপদ (Safe),চিকিৎসকের পরামর্শ অনুযায়ী পরিমিত মাত্রায় সেব্য। কোনো জটিলতা বা অ্যালার্জি দেখা দিলে অবিলম্বে ওষুধ বন্ধ করে চিকিৎসকের শরণাপন্ন হতে হবে।
277,প্যানক্রিয়াটিন (Pancreatin),Pancreatin,প্যানক্রিয়াটিন,,Digestive Aids,General/Regular Use,ব্যবহার/নির্দেশনা: হজম এনজাইম ঘাটতি (Digestive enzyme deficiency)। ক্যাটেগরি: Digestive Aids (General/Regular Use)। সেবন যোগ্যতা: Prescription।,অতিসংবেদনশীলতা (Allergy) থাকলে বা চিকিৎসকের সুস্পষ্ট পরামর্শ ব্যতীত অননুমোদিত মাত্রায় ব্যবহার পরিহার করুন।,নিরাপদ বলে বিবেচিত (Considered safe),নিরাপদ (Safe),চিকিৎসকের পরামর্শ অনুযায়ী পরিমিত মাত্রায় সেব্য। কোনো জটিলতা বা অ্যালার্জি দেখা দিলে অবিলম্বে ওষুধ বন্ধ করে চিকিৎসকের শরণাপন্ন হতে হবে।
278,অ্যাক্টিভেটেড চারকোল (Activated charcoal),Activated charcoal,অ্যাক্টিভেটেড চারকোল,,Digestive Aids,General/Regular Use,"ব্যবহার/নির্দেশনা: গ্যাস, বিষক্রিয়া (Gas, poisoning (emergency))। ক্যাটেগরি: Digestive Aids (General/Regular Use)। সেবন যোগ্যতা: OTC।",অতিসংবেদনশীলতা (Allergy) থাকলে বা চিকিৎসকের সুস্পষ্ট পরামর্শ ব্যতীত অননুমোদিত মাত্রায় ব্যবহার পরিহার করুন।,মাঝেমধ্যে ব্যবহারে সাধারণত নিরাপদ (Generally safe for occasional use),নিরাপদ (Safe),চিকিৎসকের পরামর্শ অনুযায়ী পরিমিত মাত্রায় সেব্য। কোনো জটিলতা বা অ্যালার্জি দেখা দিলে অবিলম্বে ওষুধ বন্ধ করে চিকিৎসকের শরণাপন্ন হতে হবে।
279,ইসবগুলের ভুসি (Ispaghula husk (Isabgol)),Ispaghula husk (Isabgol),ইসবগুলের ভুসি,,Digestive Aids,General/Regular Use,"ব্যবহার/নির্দেশনা: কোষ্ঠকাঠিন্য (Constipation, fiber supplement)। ক্যাটেগরি: Digestive Aids (General/Regular Use)। সেবন যোগ্যতা: OTC।",অতিসংবেদনশীলতা (Allergy) থাকলে বা চিকিৎসকের সুস্পষ্ট পরামর্শ ব্যতীত অননুমোদিত মাত্রায় ব্যবহার পরিহার করুন।,নিরাপদ (Safe),নিরাপদ (Safe),চিকিৎসকের পরামর্শ অনুযায়ী পরিমিত মাত্রায় সেব্য। কোনো জটিলতা বা অ্যালার্জি দেখা দিলে অবিলম্বে ওষুধ বন্ধ করে চিকিৎসকের শরণাপন্ন হতে হবে।
280,নাসাল স্যালাইন স্প্রে (Nasal saline spray),Nasal saline spray,নাসাল স্যালাইন স্প্রে,,Nasal/Allergy (Extended),General/Regular Use,ব্যবহার/নির্দেশনা: নাক বন্ধ হওয়া (নিরাপদ বিকল্প) (Nasal congestion (safe option))। ক্যাটেগরি: Nasal/Allergy (Extended) (General/Regular Use)। সেবন যোগ্যতা: OTC।,অতিসংবেদনশীলতা (Allergy) থাকলে বা চিকিৎসকের সুস্পষ্ট পরামর্শ ব্যতীত অননুমোদিত মাত্রায় ব্যবহার পরিহার করুন।,নিরাপদ - প্রথম পছন্দ (Safe - first-line option),নিরাপদ (Safe),চিকিৎসকের পরামর্শ অনুযায়ী পরিমিত মাত্রায় সেব্য। কোনো জটিলতা বা অ্যালার্জি দেখা দিলে অবিলম্বে ওষুধ বন্ধ করে চিকিৎসকের শরণাপন্ন হতে হবে।
281,অক্সিমেটাজোলিন নাসাল স্প্রে (Oxymetazoline nasal spray),Oxymetazoline nasal spray,অক্সিমেটাজোলিন নাসাল স্প্রে,,Nasal/Allergy (Extended),General/Regular Use,ব্যবহার/নির্দেশনা: নাক বন্ধ হওয়া (Nasal congestion)। ক্যাটেগরি: Nasal/Allergy (Extended) (General/Regular Use)। সেবন যোগ্যতা: OTC।,অতিসংবেদনশীলতা (Allergy) থাকলে বা চিকিৎসকের সুস্পষ্ট পরামর্শ ব্যতীত অননুমোদিত মাত্রায় ব্যবহার পরিহার করুন।,স্বল্পমেয়াদী ব্যবহারে সতর্কতা (Short-term use caution (rebound congestion)),সীমিত তথ্য (Limited data),চিকিৎসকের পরামর্শ অনুযায়ী পরিমিত মাত্রায় সেব্য। কোনো জটিলতা বা অ্যালার্জি দেখা দিলে অবিলম্বে ওষুধ বন্ধ করে চিকিৎসকের শরণাপন্ন হতে হবে।
282,বেক্লোমেথাসোন নাসাল স্প্রে (Beclomethasone nasal spray),Beclomethasone nasal spray,বেক্লোমেথাসোন নাসাল স্প্রে,,Nasal/Allergy (Extended),General/Regular Use,ব্যবহার/নির্দেশনা: এলার্জিক রাইনাইটিস (Allergic rhinitis)। ক্যাটেগরি: Nasal/Allergy (Extended) (General/Regular Use)। সেবন যোগ্যতা: Prescription।,অতিসংবেদনশীলতা (Allergy) থাকলে বা চিকিৎসকের সুস্পষ্ট পরামর্শ ব্যতীত অননুমোদিত মাত্রায় ব্যবহার পরিহার করুন।,সাধারণত নিরাপদ (Generally safe),সামঞ্জস্যপূর্ণ (Compatible),চিকিৎসকের পরামর্শ অনুযায়ী পরিমিত মাত্রায় সেব্য। কোনো জটিলতা বা অ্যালার্জি দেখা দিলে অবিলম্বে ওষুধ বন্ধ করে চিকিৎসকের শরণাপন্ন হতে হবে।
283,মুপিরোসিন (স্থানীয়) (Mupirocin (topical)),Mupirocin (topical),মুপিরোসিন (স্থানীয়),,Topical Antibiotics,General/Regular Use,ব্যবহার/নির্দেশনা: ত্বক সংক্রমণ (স্থানীয়) (Skin infection (topical))। ক্যাটেগরি: Topical Antibiotics (General/Regular Use)। সেবন যোগ্যতা: Prescription।,অতিসংবেদনশীলতা (Allergy) থাকলে বা চিকিৎসকের সুস্পষ্ট পরামর্শ ব্যতীত অননুমোদিত মাত্রায় ব্যবহার পরিহার করুন।,সাধারণত নিরাপদ (স্থানীয়) (Generally safe topical),নিরাপদ (Safe),চিকিৎসকের পরামর্শ অনুযায়ী পরিমিত মাত্রায় সেব্য। কোনো জটিলতা বা অ্যালার্জি দেখা দিলে অবিলম্বে ওষুধ বন্ধ করে চিকিৎসকের শরণাপন্ন হতে হবে।
284,ফুসিডিক এসিড (স্থানীয়) (Fusidic acid (topical)),Fusidic acid (topical),ফুসিডিক এসিড (স্থানীয়),,Topical Antibiotics,General/Regular Use,ব্যবহার/নির্দেশনা: ত্বক সংক্রমণ (স্থানীয়) (Skin infection (topical))। ক্যাটেগরি: Topical Antibiotics (General/Regular Use)। সেবন যোগ্যতা: Prescription।,অতিসংবেদনশীলতা (Allergy) থাকলে বা চিকিৎসকের সুস্পষ্ট পরামর্শ ব্যতীত অননুমোদিত মাত্রায় ব্যবহার পরিহার করুন।,সাধারণত নিরাপদ (স্থানীয়) (Generally safe topical),নিরাপদ (Safe),চিকিৎসকের পরামর্শ অনুযায়ী পরিমিত মাত্রায় সেব্য। কোনো জটিলতা বা অ্যালার্জি দেখা দিলে অবিলম্বে ওষুধ বন্ধ করে চিকিৎসকের শরণাপন্ন হতে হবে।
285,ভিটামিন ডি ড্রপ (শিশু) (Vitamin D drops (infant)),Vitamin D drops (infant),ভিটামিন ডি ড্রপ (শিশু),,Pediatric-Dosing Drugs (Extended),General/Regular Use,ব্যবহার/নির্দেশনা: শিশুর ভিটামিন ডি ঘাটতি প্রতিরোধ (Infant vitamin D deficiency prevention)। ক্যাটেগরি: Pediatric-Dosing Drugs (Extended) (General/Regular Use)। সেবন যোগ্যতা: OTC।,অতিসংবেদনশীলতা (Allergy) থাকলে বা চিকিৎসকের সুস্পষ্ট পরামর্শ ব্যতীত অননুমোদিত মাত্রায় ব্যবহার পরিহার করুন।,N/A - শিশুর সাপ্লিমেন্ট (N/A - pediatric supplementation),স্তন্যদানকালে ব্যবহারের ক্ষেত্রে চিকিৎসকের পরামর্শ ও সতর্কতা মেনে চলা উচিত।,চিকিৎসকের পরামর্শ অনুযায়ী পরিমিত মাত্রায় সেব্য। কোনো জটিলতা বা অ্যালার্জি দেখা দিলে অবিলম্বে ওষুধ বন্ধ করে চিকিৎসকের শরণাপন্ন হতে হবে।
286,রাবিপ্রাজল (Rabeprazole),Rabeprazole,রাবিপ্রাজল,,GI/Other (Extended),General/Regular Use,"ব্যবহার/নির্দেশনা: এসিড রিফ্লাক্স, আলসার (Acid reflux, ulcers)। ক্যাটেগরি: GI/Other (Extended) (General/Regular Use)। সেবন যোগ্যতা: Prescription।",অতিসংবেদনশীলতা (Allergy) থাকলে বা চিকিৎসকের সুস্পষ্ট পরামর্শ ব্যতীত অননুমোদিত মাত্রায় ব্যবহার পরিহার করুন।,সাধারণত নিরাপদ (Generally considered safe),সীমিত তথ্য; সাধারণত সামঞ্জস্যপূর্ণ (Limited data; generally compatible),চিকিৎসকের পরামর্শ অনুযায়ী পরিমিত মাত্রায় সেব্য। কোনো জটিলতা বা অ্যালার্জি দেখা দিলে অবিলম্বে ওষুধ বন্ধ করে চিকিৎসকের শরণাপন্ন হতে হবে।
287,মেন্থল লজেঞ্জ (Menthol lozenges),Menthol lozenges,মেন্থল লজেঞ্জ,,Common Cold/Flu (Extended),General/Regular Use,ব্যবহার/নির্দেশনা: গলা ব্যথা (Sore throat)। ক্যাটেগরি: Common Cold/Flu (Extended) (General/Regular Use)। সেবন যোগ্যতা: OTC।,অতিসংবেদনশীলতা (Allergy) থাকলে বা চিকিৎসকের সুস্পষ্ট পরামর্শ ব্যতীত অননুমোদিত মাত্রায় ব্যবহার পরিহার করুন।,নিরাপদ (Safe),নিরাপদ (Safe),চিকিৎসকের পরামর্শ অনুযায়ী পরিমিত মাত্রায় সেব্য। কোনো জটিলতা বা অ্যালার্জি দেখা দিলে অবিলম্বে ওষুধ বন্ধ করে চিকিৎসকের শরণাপন্ন হতে হবে।
288,টেলমিসারটান (Telmisartan),Telmisartan,টেলমিসারটান,,Cardiovascular,General/Regular Use,ব্যবহার/নির্দেশনা: উচ্চ রক্তচাপ (High blood pressure)। ক্যাটেগরি: Cardiovascular (General/Regular Use)। সেবন যোগ্যতা: Prescription।,অতিসংবেদনশীলতা (Allergy) থাকলে বা চিকিৎসকের সুস্পষ্ট পরামর্শ ব্যতীত অননুমোদিত মাত্রায় ব্যবহার পরিহার করুন।,নিষিদ্ধ (এআরবি শ্রেণি) (CONTRAINDICATED (ARB class)),সাধারণত এড়ানো হয় (Generally avoided),চিকিৎসকের পরামর্শ অনুযায়ী পরিমিত মাত্রায় সেব্য। কোনো জটিলতা বা অ্যালার্জি দেখা দিলে অবিলম্বে ওষুধ বন্ধ করে চিকিৎসকের শরণাপন্ন হতে হবে।
289,পেরিনডোপ্রিল (Perindopril),Perindopril,পেরিনডোপ্রিল,,Cardiovascular,General/Regular Use,ব্যবহার/নির্দেশনা: উচ্চ রক্তচাপ (High blood pressure)। ক্যাটেগরি: Cardiovascular (General/Regular Use)। সেবন যোগ্যতা: Prescription।,অতিসংবেদনশীলতা (Allergy) থাকলে বা চিকিৎসকের সুস্পষ্ট পরামর্শ ব্যতীত অননুমোদিত মাত্রায় ব্যবহার পরিহার করুন।,নিষিদ্ধ (এসিই ইনহিবিটর শ্রেণি) (CONTRAINDICATED (ACE inhibitor class)),সাধারণত এড়ানো হয় (Generally avoided),চিকিৎসকের পরামর্শ অনুযায়ী পরিমিত মাত্রায় সেব্য। কোনো জটিলতা বা অ্যালার্জি দেখা দিলে অবিলম্বে ওষুধ বন্ধ করে চিকিৎসকের শরণাপন্ন হতে হবে।
290,ড্যাপাগ্লিফ্লোজিন (Dapagliflozin),Dapagliflozin,ড্যাপাগ্লিফ্লোজিন,,Antidiabetics (Extended),General/Regular Use,ব্যবহার/নির্দেশনা: টাইপ ২ ডায়াবেটিস (Type 2 diabetes)। ক্যাটেগরি: Antidiabetics (Extended) (General/Regular Use)। সেবন যোগ্যতা: Prescription।,অতিসংবেদনশীলতা (Allergy) থাকলে বা চিকিৎসকের সুস্পষ্ট পরামর্শ ব্যতীত অননুমোদিত মাত্রায় ব্যবহার পরিহার করুন।,গর্ভাবস্থায় এড়ানো হয় (Avoided in pregnancy),এড়ানো হয় (Avoided; limited data),চিকিৎসকের পরামর্শ অনুযায়ী পরিমিত মাত্রায় সেব্য। কোনো জটিলতা বা অ্যালার্জি দেখা দিলে অবিলম্বে ওষুধ বন্ধ করে চিকিৎসকের শরণাপন্ন হতে হবে।
291,লিরাগ্লুটাইড (Liraglutide),Liraglutide,লিরাগ্লুটাইড,,Antidiabetics (Extended),General/Regular Use,"ব্যবহার/নির্দেশনা: ডায়াবেটিস, ওজন ব্যবস্থাপনা (Type 2 diabetes, weight management)। ক্যাটেগরি: Antidiabetics (Extended) (General/Regular Use)। সেবন যোগ্যতা: Prescription।",অতিসংবেদনশীলতা (Allergy) থাকলে বা চিকিৎসকের সুস্পষ্ট পরামর্শ ব্যতীত অননুমোদিত মাত্রায় ব্যবহার পরিহার করুন।,গর্ভাবস্থায় এড়ানো হয়; সীমিত তথ্য (Avoided in pregnancy; limited data),এড়ানো হয় (Avoided; limited data),চিকিৎসকের পরামর্শ অনুযায়ী পরিমিত মাত্রায় সেব্য। কোনো জটিলতা বা অ্যালার্জি দেখা দিলে অবিলম্বে ওষুধ বন্ধ করে চিকিৎসকের শরণাপন্ন হতে হবে।
292,ট্রাজোডোন (Trazodone),Trazodone,ট্রাজোডোন,,Psychiatric - Antidepressants,General/Regular Use,"ব্যবহার/নির্দেশনা: বিষণ্নতা, অনিদ্রা (Depression, insomnia)। ক্যাটেগরি: Psychiatric - Antidepressants (General/Regular Use)। সেবন যোগ্যতা: Prescription।",অতিসংবেদনশীলতা (Allergy) থাকলে বা চিকিৎসকের সুস্পষ্ট পরামর্শ ব্যতীত অননুমোদিত মাত্রায় ব্যবহার পরিহার করুন।,সীমিত তথ্য; সতর্কতা (Limited data; caution),সীমিত তথ্য; সতর্কতা (Limited data; caution),চিকিৎসকের পরামর্শ অনুযায়ী পরিমিত মাত্রায় সেব্য। কোনো জটিলতা বা অ্যালার্জি দেখা দিলে অবিলম্বে ওষুধ বন্ধ করে চিকিৎসকের শরণাপন্ন হতে হবে।
293,ভরটিওক্সেটিন (Vortioxetine),Vortioxetine,ভরটিওক্সেটিন,,Psychiatric - Antidepressants,General/Regular Use,ব্যবহার/নির্দেশনা: বিষণ্নতা (Depression)। ক্যাটেগরি: Psychiatric - Antidepressants (General/Regular Use)। সেবন যোগ্যতা: Prescription।,অতিসংবেদনশীলতা (Allergy) থাকলে বা চিকিৎসকের সুস্পষ্ট পরামর্শ ব্যতীত অননুমোদিত মাত্রায় ব্যবহার পরিহার করুন।,সীমিত তথ্য; সতর্কতা (Limited data; caution),সীমিত তথ্য (Limited data),চিকিৎসকের পরামর্শ অনুযায়ী পরিমিত মাত্রায় সেব্য। কোনো জটিলতা বা অ্যালার্জি দেখা দিলে অবিলম্বে ওষুধ বন্ধ করে চিকিৎসকের শরণাপন্ন হতে হবে।
294,ফসফোমাইসিন (Fosfomycin),Fosfomycin,ফসফোমাইসিন,,Antibiotics (Extended),General/Regular Use,ব্যবহার/নির্দেশনা: মূত্রনালীর সংক্রমণ (Urinary tract infection)। ক্যাটেগরি: Antibiotics (Extended) (General/Regular Use)। সেবন যোগ্যতা: Prescription।,অতিসংবেদনশীলতা (Allergy) থাকলে বা চিকিৎসকের সুস্পষ্ট পরামর্শ ব্যতীত অননুমোদিত মাত্রায় ব্যবহার পরিহার করুন।,নিরাপদ বিবেচিত; গর্ভাবস্থায় মূত্রনালীর সংক্রমণে ব্যবহৃত (Considered safe; used for UTI in pregnancy),সামঞ্জস্যপূর্ণ (Compatible),চিকিৎসকের পরামর্শ অনুযায়ী পরিমিত মাত্রায় সেব্য। কোনো জটিলতা বা অ্যালার্জি দেখা দিলে অবিলম্বে ওষুধ বন্ধ করে চিকিৎসকের শরণাপন্ন হতে হবে।
295,আইভাব্রাডিন (Ivabradine),Ivabradine,আইভাব্রাডিন,,Cardiovascular,General/Regular Use,"ব্যবহার/নির্দেশনা: হৃদস্পন্দন নিয়ন্ত্রণ (Heart rate control (angina, heart failure))। ক্যাটেগরি: Cardiovascular (General/Regular Use)। সেবন যোগ্যতা: Prescription।",অতিসংবেদনশীলতা (Allergy) থাকলে বা চিকিৎসকের সুস্পষ্ট পরামর্শ ব্যতীত অননুমোদিত মাত্রায় ব্যবহার পরিহার করুন।,এড়ানো হয়; সীমিত তথ্য (Avoided; limited data),এড়ানো হয় (Avoided; limited data),চিকিৎসকের পরামর্শ অনুযায়ী পরিমিত মাত্রায় সেব্য। কোনো জটিলতা বা অ্যালার্জি দেখা দিলে অবিলম্বে ওষুধ বন্ধ করে চিকিৎসকের শরণাপন্ন হতে হবে।
296,রানোলাজিন (Ranolazine),Ranolazine,রানোলাজিন,,Cardiovascular,General/Regular Use,ব্যবহার/নির্দেশনা: এনজাইনা (Angina)। ক্যাটেগরি: Cardiovascular (General/Regular Use)। সেবন যোগ্যতা: Prescription।,অতিসংবেদনশীলতা (Allergy) থাকলে বা চিকিৎসকের সুস্পষ্ট পরামর্শ ব্যতীত অননুমোদিত মাত্রায় ব্যবহার পরিহার করুন।,সীমিত তথ্য; সতর্কতা (Limited data; caution),সীমিত তথ্য (Limited data),চিকিৎসকের পরামর্শ অনুযায়ী পরিমিত মাত্রায় সেব্য। কোনো জটিলতা বা অ্যালার্জি দেখা দিলে অবিলম্বে ওষুধ বন্ধ করে চিকিৎসকের শরণাপন্ন হতে হবে।
297,কলচিসিন (Colchicine),Colchicine,কলচিসিন,,Gout/Uric Acid,General/Regular Use,ব্যবহার/নির্দেশনা: গেঁটেবাত (Gout)। ক্যাটেগরি: Gout/Uric Acid (General/Regular Use)। সেবন যোগ্যতা: Prescription।,অতিসংবেদনশীলতা (Allergy) থাকলে বা চিকিৎসকের সুস্পষ্ট পরামর্শ ব্যতীত অননুমোদিত মাত্রায় ব্যবহার পরিহার করুন।,সতর্কতা; উচ্চ মাত্রায় কিছু ঝুঁকি (Caution; some teratogenicity concerns at high dose),সতর্কতা; সীমিত তথ্য (Caution; limited data),চিকিৎসকের পরামর্শ অনুযায়ী পরিমিত মাত্রায় সেব্য। কোনো জটিলতা বা অ্যালার্জি দেখা দিলে অবিলম্বে ওষুধ বন্ধ করে চিকিৎসকের শরণাপন্ন হতে হবে।
298,অ্যালোপিউরিনল (Allopurinol),Allopurinol,অ্যালোপিউরিনল,,Gout/Uric Acid,General/Regular Use,"ব্যবহার/নির্দেশনা: গেঁটেবাত, ইউরিক এসিড (Gout, high uric acid)। ক্যাটেগরি: Gout/Uric Acid (General/Regular Use)। সেবন যোগ্যতা: Prescription।",অতিসংবেদনশীলতা (Allergy) থাকলে বা চিকিৎসকের সুস্পষ্ট পরামর্শ ব্যতীত অননুমোদিত মাত্রায় ব্যবহার পরিহার করুন।,সীমিত তথ্য; সতর্কতা (Limited data; caution),সীমিত তথ্য; সতর্কতা (Limited data; caution),চিকিৎসকের পরামর্শ অনুযায়ী পরিমিত মাত্রায় সেব্য। কোনো জটিলতা বা অ্যালার্জি দেখা দিলে অবিলম্বে ওষুধ বন্ধ করে চিকিৎসকের শরণাপন্ন হতে হবে।
299,মিথাইলএরগোমেট্রিন (Methylergometrine),Methylergometrine,মিথাইলএরগোমেট্রিন,,Obstetric-Specific,General/Regular Use,ব্যবহার/নির্দেশনা: প্রসবোত্তর রক্তক্ষরণ প্রতিরোধ/চিকিৎসা (Postpartum hemorrhage prevention/treatment)। ক্যাটেগরি: Obstetric-Specific (General/Regular Use)। সেবন যোগ্যতা: Prescription।,অতিসংবেদনশীলতা (Allergy) থাকলে বা চিকিৎসকের সুস্পষ্ট পরামর্শ ব্যতীত অননুমোদিত মাত্রায় ব্যবহার পরিহার করুন।,শুধুমাত্র প্রসবের পরে ব্যবহৃত (প্রসবের আগে নিষিদ্ধ) (Used ONLY postpartum (contraindicated before delivery - uterotonic)),সামঞ্জস্যপূর্ণ (Compatible),চিকিৎসকের পরামর্শ অনুযায়ী পরিমিত মাত্রায় সেব্য। কোনো জটিলতা বা অ্যালার্জি দেখা দিলে অবিলম্বে ওষুধ বন্ধ করে চিকিৎসকের শরণাপন্ন হতে হবে।
300,কার্বোপ্রস্ট (Carboprost),Carboprost,কার্বোপ্রস্ট,,Obstetric-Specific,General/Regular Use,ব্যবহার/নির্দেশনা: প্রসবোত্তর রক্তক্ষরণ চিকিৎসা (Postpartum hemorrhage treatment)। ক্যাটেগরি: Obstetric-Specific (General/Regular Use)। সেবন যোগ্যতা: Prescription।,অতিসংবেদনশীলতা (Allergy) থাকলে বা চিকিৎসকের সুস্পষ্ট পরামর্শ ব্যতীত অননুমোদিত মাত্রায় ব্যবহার পরিহার করুন।,শুধুমাত্র প্রসবোত্তর রক্তক্ষরণ নিয়ন্ত্রণে ব্যবহৃত (Used ONLY postpartum for hemorrhage control),সীমিত তথ্য (Limited data),চিকিৎসকের পরামর্শ অনুযায়ী পরিমিত মাত্রায় সেব্য। কোনো জটিলতা বা অ্যালার্জি দেখা দিলে অবিলম্বে ওষুধ বন্ধ করে চিকিৎসকের শরণাপন্ন হতে হবে।
301,ট্রানেক্সামিক এসিড (Tranexamic acid),Tranexamic acid,ট্রানেক্সামিক এসিড,,Obstetric-Specific,General/Regular Use,ব্যবহার/নির্দেশনা: রক্তক্ষরণ নিয়ন্ত্রণ (Bleeding control (incl. postpartum hemorrhage))। ক্যাটেগরি: Obstetric-Specific (General/Regular Use)। সেবন যোগ্যতা: Prescription।,অতিসংবেদনশীলতা (Allergy) থাকলে বা চিকিৎসকের সুস্পষ্ট পরামর্শ ব্যতীত অননুমোদিত মাত্রায় ব্যবহার পরিহার করুন।,রক্তক্ষরণ নিয়ন্ত্রণে ব্যবহৃত; নিরাপদ বিবেচিত (Used for bleeding control incl. postpartum hemorrhage; considered safe),সামঞ্জস্যপূর্ণ (Compatible),চিকিৎসকের পরামর্শ অনুযায়ী পরিমিত মাত্রায় সেব্য। কোনো জটিলতা বা অ্যালার্জি দেখা দিলে অবিলম্বে ওষুধ বন্ধ করে চিকিৎসকের শরণাপন্ন হতে হবে।
302,ফেরাস ফিউমারেট (Ferrous fumarate),Ferrous fumarate,ফেরাস ফিউমারেট,,Antenatal Supplements,General/Regular Use,ব্যবহার/নির্দেশনা: আয়রনের ঘাটতি (বিকল্প লবণ) (Iron-deficiency anemia (alternative salt form))। ক্যাটেগরি: Antenatal Supplements (General/Regular Use)। সেবন যোগ্যতা: OTC।,অতিসংবেদনশীলতা (Allergy) থাকলে বা চিকিৎসকের সুস্পষ্ট পরামর্শ ব্যতীত অননুমোদিত মাত্রায় ব্যবহার পরিহার করুন।,সাধারণত নিরাপদ (বিকল্প আয়রন লবণ) (Generally safe; standard antenatal supplement (alternative iron salt)),নিরাপদ (Safe),চিকিৎসকের পরামর্শ অনুযায়ী পরিমিত মাত্রায় সেব্য। কোনো জটিলতা বা অ্যালার্জি দেখা দিলে অবিলম্বে ওষুধ বন্ধ করে চিকিৎসকের শরণাপন্ন হতে হবে।
